accident_severity,time,day_of_week,road_surface_type,light_conditions,weather_conditions,type_of_collision,area_accident_occured
2.0,11:10:00,Sunday,Asphalt roads,Daylight,Normal,Rollover,Residential areas
2.0,Unknown,Unknown,Asphalt roads,Daylight,Normal,Rollover,Unknown
2.0,19:10:00,Thursday,Asphalt roads,Daylight,Normal,Rollover,Residential areas
2.0,Unknown,Unknown,Asphalt roads,Daylight,Normal,Rollover,Unknown
2.0,13:30:00,Thursday,Asphalt roads,Daylight,Normal,Rollover, Industrial areas
2.0,Unknown,Unknown,Asphalt roads,Darkness - lights lit,Normal,Vehicle with vehicle collision,Unknown
2.0,22:15:00,Friday,Asphalt roads,Darkness - lights lit,Normal,Vehicle with vehicle collision,  Recreational areas
1.0,Unknown,Unknown,Asphalt roads,Darkness - lights lit,Normal,Vehicle with vehicle collision,Unknown
2.0,0:56:00,Thursday,Asphalt roads,Darkness - lights lit,Normal,Vehicle with vehicle collision,Office areas
2.0,Unknown,Unknown,Asphalt roads,Darkness - lights lit,Normal,Vehicle with vehicle collision,Unknown
2.0,23:18:00,Friday,Asphalt roads,Darkness - lights lit,Normal,Vehicle with vehicle collision,Other
1.0,Unknown,Unknown,Asphalt roads,Darkness - lights lit,Normal,Vehicle with vehicle collision,Unknown
2.0,22:20:00,Saturday,Asphalt roads,Darkness - lights lit,Normal,Vehicle with vehicle collision,Office areas
2.0,Unknown,Unknown,Asphalt roads,Darkness - lights lit,Normal,Vehicle with vehicle collision,Unknown
2.0,22:11:00,Friday,Asphalt roads,Darkness - lights lit,Normal,Vehicle with vehicle collision,Office areas
2.0,Unknown,Unknown,Asphalt roads,Darkness - lights lit,Normal,Vehicle with vehicle collision,Unknown
2.0,17:16:00,Friday,Asphalt roads,Darkness - lights lit,Normal,Vehicle with vehicle collision,Other
2.0,Unknown,Unknown,Asphalt roads,Daylight,Normal,Vehicle with vehicle collision,Unknown
2.0,12:08:00,Friday,Asphalt roads,Daylight,Normal,Vehicle with vehicle collision, Industrial areas
2.0,Unknown,Unknown,Asphalt roads,Daylight,Normal,Vehicle with vehicle collision,Unknown
2.0,20:05:00,Tuesday,Asphalt roads,Daylight,Normal,Vehicle with vehicle collision,Other
2.0,Unknown,Unknown,Asphalt roads,Daylight,Normal,Vehicle with vehicle collision,Unknown
2.0,14:20:00,Friday,Asphalt roads,Daylight,Normal,Vehicle with vehicle collision,Other
2.0,Unknown,Unknown,Asphalt roads,Daylight,Normal,Vehicle with vehicle collision,Unknown
2.0,11:40:00,Monday,Asphalt roads,Daylight,Normal,Vehicle with vehicle collision,Residential areas
2.0,Unknown,Unknown,Asphalt roads,Daylight,Normal,Vehicle with vehicle collision,Unknown
2.0,11:30:00,Thursday,Asphalt roads,Daylight,Normal,Vehicle with vehicle collision,School areas
2.0,Unknown,Unknown,Asphalt roads,Daylight,Normal,Vehicle with vehicle collision,Unknown
2.0,17:32:00,Thursday,Asphalt roads,Daylight,Normal,Vehicle with vehicle collision,School areas
2.0,Unknown,Unknown,Asphalt roads,Daylight,Normal,Vehicle with vehicle collision,Unknown
2.0,12:09:00,Thursday,Asphalt roads,Daylight,Normal,Vehicle with vehicle collision,Other
2.0,Unknown,Unknown,Asphalt roads,Daylight,Normal,Vehicle with vehicle collision,Unknown
2.0,17:39:00,Wednesday,Asphalt roads,Daylight,Normal,Vehicle with vehicle collision,Residential areas
2.0,Unknown,Unknown,Asphalt roads,Daylight,Normal,Vehicle with vehicle collision,Unknown
2.0,17:35:00,Saturday,Asphalt roads,Daylight,Normal,Vehicle with vehicle collision,Other
2.0,Unknown,Unknown,Asphalt roads,Daylight,Normal,Vehicle with vehicle collision,Unknown
2.0,13:55:00,Sunday,Asphalt roads,Daylight,Normal,Vehicle with vehicle collision,  Recreational areas
2.0,Unknown,Unknown,Asphalt roads,Daylight,Normal,Vehicle with vehicle collision,Unknown
2.0,9:30:00,Tuesday,Asphalt roads,Daylight,Normal,Vehicle with vehicle collision,Unknown
2.0,Unknown,Unknown,Asphalt roads,Daylight,Normal,Vehicle with vehicle collision,Unknown
2.0,16:04:00,Thursday,Asphalt roads,Daylight,Normal,Vehicle with vehicle collision, Church areas
2.0,Unknown,Unknown,Asphalt roads,Daylight,Normal,Vehicle with vehicle collision,Unknown
2.0,9:30:00,Tuesday,Asphalt roads,Daylight,Normal,Vehicle with vehicle collision,Office areas
2.0,Unknown,Unknown,Asphalt roads,Daylight,Normal,Vehicle with vehicle collision,Unknown
2.0,8:00:00,Friday,Asphalt roads,Daylight,Normal,Vehicle with vehicle collision,Office areas
2.0,Unknown,Unknown,Asphalt roads,Daylight,Normal,Vehicle with vehicle collision,Unknown
2.0,18:53:00,Tuesday,Asphalt roads,Daylight,Normal,Vehicle with vehicle collision,Residential areas
1.0,Unknown,Unknown,Asphalt roads,Daylight,Normal,Vehicle with vehicle collision,Unknown
2.0,20:10:00,Saturday,Asphalt roads,Daylight,Normal,Vehicle with vehicle collision,Other
1.0,Unknown,Unknown,Asphalt roads,Daylight,Normal,Vehicle with vehicle collision,Unknown
1.0,Unknown,Unknown,Asphalt roads,Daylight,Normal,Vehicle with vehicle collision,Unknown
2.0,7:19:00,Wednesday,Asphalt roads,Daylight,Normal,Vehicle with vehicle collision,Other
2.0,Unknown,Unknown,Asphalt roads,Daylight,Normal,Vehicle with vehicle collision,Unknown
2.0,14:48:00,Wednesday,Asphalt roads,Daylight,Normal,Vehicle with vehicle collision,Other
2.0,21:25:00,Thursday,Asphalt roads,Daylight,Normal,Vehicle with vehicle collision,Office areas
2.0,Unknown,Unknown,Asphalt roads,Daylight,Normal,Vehicle with vehicle collision,Unknown
2.0,15:20:00,Tuesday,Asphalt roads,Daylight,Normal,Vehicle with vehicle collision, Church areas
2.0,Unknown,Unknown,Asphalt roads,Daylight,Normal,Vehicle with vehicle collision,Unknown
2.0,11:10:00,Wednesday,Asphalt roads,Daylight,Normal,Vehicle with vehicle collision,Residential areas
2.0,Unknown,Unknown,Asphalt roads,Daylight,Normal,Vehicle with vehicle collision,Unknown
2.0,11:11:00,Wednesday,Asphalt roads,Daylight,Normal,Vehicle with vehicle collision,Residential areas
2.0,Unknown,Unknown,Asphalt roads,Daylight,Normal,Vehicle with vehicle collision,Unknown
2.0,8:40:00,Saturday,Asphalt roads,Daylight,Normal,Vehicle with vehicle collision,Office areas
2.0,Unknown,Unknown,Asphalt roads with some distress,Daylight,Normal,Collision with roadside objects,Unknown
2.0,9:30:00,Friday,Asphalt roads with some distress,Daylight,Normal,Collision with roadside objects, Outside rural areas
2.0,Unknown,Unknown,Asphalt roads,Daylight,Normal,Vehicle with vehicle collision,Unknown
2.0,20:41:00,Thursday,Asphalt roads,Daylight,Normal,Vehicle with vehicle collision,Other
2.0,Unknown,Unknown,Asphalt roads,Daylight,Normal,Vehicle with vehicle collision,Unknown
2.0,19:55:00,Monday,Asphalt roads,Daylight,Normal,Vehicle with vehicle collision,Office areas
2.0,Unknown,Unknown,Other,Daylight,Normal,Vehicle with vehicle collision,Unknown
2.0,14:40:00,Tuesday,Other,Daylight,Normal,Vehicle with vehicle collision,Office areas
2.0,Unknown,Unknown,Asphalt roads,Darkness - lights lit,Normal,Collision with pedestrians,Unknown
2.0,21:50:00,Sunday,Asphalt roads,Darkness - lights lit,Normal,Collision with pedestrians,Office areas
1.0,Unknown,Unknown,Asphalt roads,Daylight,Normal,Collision with pedestrians,Unknown
2.0,15:08:00,Saturday,Asphalt roads,Daylight,Normal,Collision with pedestrians,Other
2.0,Unknown,Unknown,Asphalt roads,Daylight,Normal,Collision with pedestrians,Unknown
2.0,9:30:00,Saturday,Asphalt roads,Daylight,Normal,Collision with pedestrians,Other
2.0,Unknown,Unknown,Asphalt roads,Daylight,Normal,Collision with pedestrians,Unknown
2.0,10:10:00,Saturday,Asphalt roads,Daylight,Normal,Collision with pedestrians,School areas
2.0,Unknown,Unknown,Asphalt roads,Darkness - lights lit,Normal,Collision with roadside objects,Unknown
2.0,22:45:00,Saturday,Asphalt roads,Darkness - lights lit,Normal,Collision with roadside objects,School areas
2.0,Unknown,Unknown,Asphalt roads,Daylight,Normal,Collision with roadside objects,Unknown
2.0,7:50:00,Tuesday,Asphalt roads,Daylight,Normal,Collision with roadside objects,Other
2.0,Unknown,Unknown,Asphalt roads,Daylight,Normal,Collision with roadside objects,Unknown
2.0,17:21:00,Thursday,Asphalt roads,Daylight,Normal,Collision with roadside objects,Office areas
2.0,Unknown,Unknown,Asphalt roads,Daylight,Normal,Collision with roadside objects,Unknown
2.0,7:54:00,Wednesday,Asphalt roads,Daylight,Normal,Collision with roadside objects,Other
2.0,Unknown,Unknown,Asphalt roads,Daylight,Normal,Collision with roadside objects,Unknown
2.0,13:15:00,Thursday,Asphalt roads,Daylight,Normal,Collision with roadside objects,Residential areas
2.0,Unknown,Unknown,Asphalt roads,Daylight,Normal,Collision with roadside objects,Unknown
2.0,16:57:00,Friday,Asphalt roads,Daylight,Normal,Collision with roadside objects,Other
1.0,Unknown,Unknown,Asphalt roads,Daylight,Normal,Collision with roadside-parked vehicles,Unknown
2.0,9:19:00,Saturday,Asphalt roads,Daylight,Normal,Collision with roadside-parked vehicles,Office areas
2.0,Unknown,Unknown,Asphalt roads,Daylight,Normal,Fall from vehicles,Unknown
2.0,18:37:00,Wednesday,Asphalt roads,Daylight,Normal,Fall from vehicles,Rural village areas
2.0,Unknown,Unknown,Asphalt roads,Daylight,Normal,Rollover,Unknown
2.0,10:25:00,Saturday,Asphalt roads,Daylight,Normal,Rollover,Other
2.0,Unknown,Unknown,Asphalt roads,Daylight,Normal,Rollover,Unknown
2.0,15:00:00,Sunday,Asphalt roads,Daylight,Normal,Rollover,Residential areas
2.0,Unknown,Unknown,Asphalt roads,Darkness - lights lit,Normal,Vehicle with vehicle collision,Unknown
2.0,21:05:00,Friday,Asphalt roads,Darkness - lights lit,Normal,Vehicle with vehicle collision,Residential areas
2.0,Unknown,Unknown,Asphalt roads,Darkness - lights lit,Normal,Vehicle with vehicle collision,Unknown
2.0,19:08:00,Tuesday,Asphalt roads,Darkness - lights lit,Normal,Vehicle with vehicle collision,Office areas
2.0,Unknown,Unknown,Asphalt roads,Darkness - lights lit,Normal,Vehicle with vehicle collision,Unknown
2.0,18:40:00,Friday,Asphalt roads,Darkness - lights lit,Normal,Vehicle with vehicle collision,Office areas
2.0,Unknown,Unknown,Asphalt roads,Darkness - lights lit,Normal,Vehicle with vehicle collision,Unknown
2.0,0:09:00,Monday,Asphalt roads,Darkness - lights lit,Normal,Vehicle with vehicle collision,Other
2.0,Unknown,Unknown,Asphalt roads,Darkness - lights lit,Normal,Vehicle with vehicle collision,Unknown
2.0,18:55:00,Saturday,Asphalt roads,Darkness - lights lit,Normal,Vehicle with vehicle collision, Church areas
1.0,Unknown,Unknown,Asphalt roads,Darkness - no lighting,Normal,Vehicle with vehicle collision,Unknown
2.0,22:35:00,Thursday,Asphalt roads,Darkness - no lighting,Normal,Vehicle with vehicle collision,Office areas
2.0,Unknown,Unknown,Asphalt roads,Daylight,Normal,Vehicle with vehicle collision,Unknown
2.0,18:19:00,Monday,Asphalt roads,Daylight,Normal,Vehicle with vehicle collision,Other
2.0,Unknown,Unknown,Asphalt roads,Daylight,Normal,Vehicle with vehicle collision,Unknown
2.0,Unknown,Unknown,Asphalt roads,Daylight,Normal,Vehicle with vehicle collision,Unknown
2.0,Unknown,Unknown,Asphalt roads,Daylight,Normal,Vehicle with vehicle collision,Unknown
2.0,12:30:00,Thursday,Asphalt roads,Daylight,Normal,Vehicle with vehicle collision,Other
2.0,Unknown,Unknown,Asphalt roads,Daylight,Normal,Vehicle with vehicle collision,Unknown
2.0,7:50:00,Wednesday,Asphalt roads,Daylight,Normal,Vehicle with vehicle collision,Other
2.0,7:50:00,Wednesday,Asphalt roads,Daylight,Normal,Vehicle with vehicle collision,Office areas
2.0,17:55:00,Saturday,Asphalt roads,Daylight,Normal,Vehicle with vehicle collision,Other
1.0,Unknown,Unknown,Asphalt roads,Daylight,Normal,Vehicle with vehicle collision,Unknown
2.0,18:02:00,Monday,Asphalt roads,Daylight,Normal,Vehicle with vehicle collision,Office areas
2.0,Unknown,Unknown,Asphalt roads,Daylight,Normal,Vehicle with vehicle collision,Unknown
2.0,18:55:00,Sunday,Asphalt roads,Daylight,Normal,Vehicle with vehicle collision,Other
2.0,Unknown,Unknown,Asphalt roads,Daylight,Normal,Vehicle with vehicle collision,Unknown
2.0,11:49:00,Saturday,Asphalt roads,Daylight,Normal,Vehicle with vehicle collision,Office areas
2.0,Unknown,Unknown,Asphalt roads,Daylight,Normal,Vehicle with vehicle collision,Unknown
2.0,Unknown,Unknown,Asphalt roads,Daylight,Normal,Vehicle with vehicle collision,Unknown
2.0,13:55:00,Sunday,Asphalt roads,Daylight,Normal,Vehicle with vehicle collision,Other
2.0,Unknown,Unknown,Asphalt roads,Daylight,Normal,Vehicle with vehicle collision,Unknown
2.0,18:09:00,Friday,Asphalt roads,Daylight,Normal,Vehicle with vehicle collision,Residential areas
2.0,7:44:00,Friday,Asphalt roads,Daylight,Normal,Vehicle with vehicle collision,Other
2.0,Unknown,Unknown,Asphalt roads,Daylight,Normal,Vehicle with vehicle collision,Unknown
2.0,3:15:00,Saturday,Asphalt roads,Daylight,Normal,Vehicle with vehicle collision,Other
2.0,Unknown,Unknown,Asphalt roads,Daylight,Normal,Vehicle with vehicle collision,Unknown
2.0,6:26:00,Friday,Asphalt roads,Daylight,Normal,Vehicle with vehicle collision,Residential areas
2.0,Unknown,Unknown,Asphalt roads,Daylight,Normal,Vehicle with vehicle collision,Unknown
2.0,8:29:00,Wednesday,Asphalt roads,Daylight,Normal,Vehicle with vehicle collision,Office areas
2.0,Unknown,Unknown,Asphalt roads,Daylight,Normal,Vehicle with vehicle collision,Unknown
2.0,9:51:00,Thursday,Asphalt roads,Daylight,Normal,Vehicle with vehicle collision, Church areas
2.0,Unknown,Unknown,Asphalt roads,Daylight,Normal,Vehicle with vehicle collision,Unknown
2.0,12:45:00,Saturday,Asphalt roads,Daylight,Normal,Vehicle with vehicle collision,Other
2.0,19:30:00,Thursday,Asphalt roads,Daylight,Normal,Vehicle with vehicle collision,Office areas
2.0,Unknown,Unknown,Asphalt roads,Daylight,Normal,Vehicle with vehicle collision,Unknown
2.0,15:48:00,Sunday,Asphalt roads,Daylight,Normal,Vehicle with vehicle collision,Residential areas
2.0,Unknown,Unknown,Asphalt roads,Daylight,Normal,Vehicle with vehicle collision,Unknown
2.0,10:04:00,Friday,Asphalt roads,Daylight,Normal,Vehicle with vehicle collision,Other
2.0,Unknown,Unknown,Asphalt roads,Daylight,Normal,Vehicle with vehicle collision,Unknown
2.0,13:40:00,Sunday,Asphalt roads,Daylight,Normal,Vehicle with vehicle collision,Other
2.0,Unknown,Unknown,Earth roads,Daylight,Normal,Unknown,Unknown
2.0,8:11:00,Tuesday,Earth roads,Daylight,Normal,, Church areas
1.0,Unknown,Unknown,Asphalt roads,Daylight,Normal,Collision with pedestrians,Unknown
2.0,Unknown,Unknown,Asphalt roads,Daylight,Normal,Vehicle with vehicle collision,Unknown
1.0,Unknown,Unknown,Asphalt roads,Daylight,Normal,Vehicle with vehicle collision,Unknown
2.0,14:14:00,Saturday,Asphalt roads,Daylight,Normal,Vehicle with vehicle collision,Office areas
2.0,Unknown,Unknown,Unknown,Daylight,Normal,Vehicle with vehicle collision,Unknown
1.0,Unknown,Unknown,Asphalt roads,Daylight,Normal,Collision with pedestrians,Unknown
2.0,16:18:00,Saturday,Asphalt roads,Daylight,Normal,Collision with pedestrians,Residential areas
2.0,Unknown,Unknown,Asphalt roads,Darkness - lights lit,Normal,Collision with roadside objects,Unknown
2.0,18:09:00,Monday,Asphalt roads,Darkness - lights lit,Normal,Collision with roadside objects,School areas
1.0,Unknown,Unknown,Asphalt roads,Daylight,Normal,Collision with roadside objects,Unknown
2.0,16:05:00,Friday,Asphalt roads,Daylight,Normal,Collision with roadside objects,Unknown
2.0,Unknown,Unknown,Asphalt roads,Daylight,Normal,Collision with roadside objects,Unknown
2.0,7:30:00,Tuesday,Asphalt roads,Daylight,Normal,Collision with roadside objects, Church areas
2.0,Unknown,Unknown,Asphalt roads,Darkness - lights lit,Normal,Vehicle with vehicle collision,Unknown
2.0,3:09:00,Sunday,Asphalt roads,Darkness - lights lit,Normal,Vehicle with vehicle collision,Other
2.0,Unknown,Unknown,Asphalt roads,Darkness - lights lit,Normal,Vehicle with vehicle collision,Unknown
2.0,19:32:00,Tuesday,Asphalt roads,Darkness - lights lit,Normal,Vehicle with vehicle collision, Outside rural areas
2.0,Unknown,Unknown,Asphalt roads,Daylight,Normal,Vehicle with vehicle collision,Unknown
2.0,17:50:00,Saturday,Asphalt roads,Daylight,Normal,Vehicle with vehicle collision,Office areas
2.0,Unknown,Unknown,Asphalt roads,Daylight,Normal,Vehicle with vehicle collision,Unknown
2.0,12:45:00,Saturday,Asphalt roads,Daylight,Normal,Vehicle with vehicle collision, Church areas
2.0,Unknown,Unknown,Asphalt roads,Daylight,Normal,Vehicle with vehicle collision,Unknown
2.0,16:45:00,Wednesday,Asphalt roads,Daylight,Normal,Vehicle with vehicle collision,Other
1.0,Unknown,Unknown,Asphalt roads,Daylight,Normal,Vehicle with vehicle collision,Unknown
2.0,17:40:00,Thursday,Asphalt roads,Daylight,Normal,Vehicle with vehicle collision,Residential areas
2.0,Unknown,Unknown,Asphalt roads,Daylight,Normal,Vehicle with vehicle collision,Unknown
2.0,20:00:00,Monday,Asphalt roads,Daylight,Normal,Vehicle with vehicle collision,Residential areas
2.0,Unknown,Unknown,Asphalt roads,Daylight,Normal,Vehicle with vehicle collision,Unknown
2.0,16:04:00,Thursday,Asphalt roads,Daylight,Normal,Vehicle with vehicle collision,Other
2.0,Unknown,Unknown,Asphalt roads,Daylight,Normal,Vehicle with vehicle collision,Unknown
2.0,16:51:00,Thursday,Asphalt roads,Daylight,Normal,Vehicle with vehicle collision,Unknown
2.0,14:56:00,Tuesday,Asphalt roads,Daylight,Normal,Collision with pedestrians,Other
2.0,16:16:00,Saturday,Asphalt roads,Daylight,Normal,Vehicle with vehicle collision,Office areas
2.0,14:37:00,Monday,,Daylight,Normal,Vehicle with vehicle collision,Other
2.0,Unknown,Unknown,Asphalt roads,Darkness - lights lit,Normal,Vehicle with vehicle collision,Unknown
2.0,21:45:00,Tuesday,Asphalt roads,Darkness - lights lit,Normal,Vehicle with vehicle collision,Office areas
2.0,Unknown,Unknown,Asphalt roads,Darkness - lights lit,Normal,Collision with roadside objects,Unknown
2.0,21:32:00,Thursday,Asphalt roads,Darkness - lights lit,Normal,Collision with roadside objects,Office areas
2.0,Unknown,Unknown,Asphalt roads,Daylight,Normal,Fall from vehicles,Unknown
2.0,13:57:00,Saturday,Asphalt roads,Daylight,Normal,Fall from vehicles,Rural village areas
2.0,Unknown,Unknown,Asphalt roads,Darkness - lights lit,Normal,Vehicle with vehicle collision,Unknown
2.0,21:15:00,Monday,Asphalt roads,Darkness - lights lit,Normal,Vehicle with vehicle collision,  Recreational areas
2.0,Unknown,Unknown,Asphalt roads,Daylight,Normal,Vehicle with vehicle collision,Unknown
2.0,22:25:00,Friday,Asphalt roads,Daylight,Normal,Vehicle with vehicle collision,Rural village areasOffice areas
1.0,Unknown,Unknown,Asphalt roads,Daylight,Normal,Vehicle with vehicle collision,Unknown
2.0,8:40:00,Wednesday,Asphalt roads,Daylight,Normal,Vehicle with vehicle collision,Office areas
0.0,Unknown,Unknown,Asphalt roads,Daylight,Normal,Vehicle with vehicle collision,Unknown
2.0,16:36:00,Thursday,Asphalt roads,Daylight,Normal,Vehicle with vehicle collision,Residential areas
2.0,Unknown,Unknown,Asphalt roads,Darkness - lights lit,Normal,Vehicle with vehicle collision,Unknown
2.0,15:46:00,Thursday,Asphalt roads,Darkness - lights lit,Normal,Vehicle with vehicle collision,Other
1.0,Unknown,Unknown,Asphalt roads,Daylight,Normal,Collision with roadside objects,Unknown
2.0,12:10:00,Tuesday,Asphalt roads,Daylight,Normal,Collision with roadside objects,Unknown
1.0,Unknown,Unknown,Asphalt roads,Daylight,Normal,Vehicle with vehicle collision,Unknown
2.0,7:50:00,Thursday,Asphalt roads,Daylight,Normal,Vehicle with vehicle collision,Residential areas
2.0,Unknown,Unknown,Asphalt roads,Daylight,Normal,Vehicle with vehicle collision,Unknown
2.0,8:02:00,Sunday,Asphalt roads,Daylight,Normal,Vehicle with vehicle collision,Office areas
2.0,Unknown,Unknown,Asphalt roads,Daylight,Normal,Vehicle with vehicle collision,Unknown
2.0,19:45:00,Friday,Asphalt roads,Daylight,Normal,Vehicle with vehicle collision,School areas
2.0,Unknown,Unknown,Earth roads,Daylight,Normal,Vehicle with vehicle collision,Unknown
2.0,17:50:00,Saturday,Earth roads,Daylight,Normal,Vehicle with vehicle collision, Church areas
2.0,Unknown,Unknown,Asphalt roads,Daylight,Normal,Collision with pedestrians,Unknown
2.0,16:05:00,Saturday,Asphalt roads,Daylight,Normal,Collision with pedestrians,School areas
2.0,Unknown,Unknown,Asphalt roads,Daylight,Normal,Collision with roadside objects,Unknown
2.0,11:00:00,Tuesday,Asphalt roads,Daylight,Normal,Collision with roadside objects,Other
2.0,Unknown,Unknown,Asphalt roads,Darkness - lights lit,Normal,Vehicle with vehicle collision,Unknown
2.0,16:30:00,Monday,Asphalt roads,Darkness - lights lit,Normal,Vehicle with vehicle collision,Residential areas
2.0,Unknown,Unknown,Asphalt roads,Darkness - lights lit,Normal,Vehicle with vehicle collision,Unknown
2.0,21:51:00,Friday,Asphalt roads,Darkness - lights lit,Normal,Vehicle with vehicle collision,Residential areas
2.0,Unknown,Unknown,Asphalt roads,Darkness - lights lit,Normal,Vehicle with vehicle collision,Unknown
2.0,20:17:00,Thursday,Asphalt roads,Darkness - lights lit,Normal,Vehicle with vehicle collision,Residential areas
2.0,Unknown,Unknown,Asphalt roads,Daylight,Normal,Vehicle with vehicle collision,Unknown
2.0,7:28:00,Sunday,Asphalt roads,Daylight,Normal,Vehicle with vehicle collision,Residential areas
2.0,Unknown,Unknown,Asphalt roads,Daylight,Normal,Vehicle with vehicle collision,Unknown
2.0,10:20:00,Sunday,Asphalt roads,Daylight,Normal,Vehicle with vehicle collision,Other
2.0,Unknown,Unknown,Unknown,Daylight,Normal,Vehicle with vehicle collision,Unknown
2.0,7:56:00,Thursday,,Daylight,Normal,Vehicle with vehicle collision,Other
1.0,Unknown,Unknown,Asphalt roads,Darkness - lights lit,Normal,Collision with pedestrians,Unknown
2.0,23:35:00,Wednesday,Asphalt roads,Darkness - lights lit,Normal,Collision with pedestrians,Other
1.0,Unknown,Unknown,Asphalt roads,Daylight,Normal,Collision with pedestrians,Unknown
2.0,12:44:00,Wednesday,Asphalt roads,Daylight,Normal,Collision with pedestrians,Other
2.0,Unknown,Unknown,Asphalt roads,Daylight,Normal,Collision with roadside objects,Unknown
2.0,12:29:00,Tuesday,Asphalt roads,Daylight,Normal,Collision with roadside objects,  Recreational areas
2.0,Unknown,Unknown,Asphalt roads,Daylight,Normal,Rollover,Unknown
2.0,14:25:00,Saturday,Asphalt roads,Daylight,Normal,Rollover, Hospital areas
2.0,Unknown,Unknown,Asphalt roads,Daylight,Normal,Vehicle with vehicle collision,Unknown
2.0,Unknown,Unknown,Asphalt roads,Daylight,Normal,Vehicle with vehicle collision,Unknown
2.0,17:05:00,Monday,Asphalt roads,Daylight,Normal,Vehicle with vehicle collision,Office areas
2.0,10:54:00,Friday,Asphalt roads,Daylight,Normal,Vehicle with vehicle collision,Office areas
1.0,Unknown,Unknown,Asphalt roads,Daylight,Normal,Vehicle with vehicle collision,Unknown
2.0,9:04:00,Tuesday,Asphalt roads,Daylight,Normal,Vehicle with vehicle collision,Other
2.0,Unknown,Unknown,Asphalt roads,Daylight,Normal,Vehicle with vehicle collision,Unknown
2.0,15:19:00,Sunday,Asphalt roads,Daylight,Normal,Vehicle with vehicle collision,  Recreational areas
2.0,Unknown,Unknown,Asphalt roads,Daylight,Normal,Vehicle with vehicle collision,Unknown
2.0,10:41:00,Wednesday,Asphalt roads,Daylight,Normal,Vehicle with vehicle collision,Office areas
2.0,Unknown,Unknown,Asphalt roads,Daylight,Normal,Vehicle with vehicle collision,Unknown
2.0,16:07:00,Tuesday,Asphalt roads,Daylight,Normal,Vehicle with vehicle collision,Office areas
2.0,Unknown,Unknown,Unknown,Daylight,Normal,Vehicle with vehicle collision,Unknown
2.0,15:20:00,Tuesday,,Daylight,Normal,Vehicle with vehicle collision, Church areas
1.0,Unknown,Unknown,Asphalt roads,Darkness - lights lit,Normal,Collision with pedestrians,Unknown
2.0,19:12:00,Tuesday,Asphalt roads,Darkness - lights lit,Normal,Collision with pedestrians,Other
2.0,Unknown,Unknown,Asphalt roads,Daylight,Normal,Collision with pedestrians,Unknown
2.0,12:00:00,Saturday,Asphalt roads,Daylight,Normal,Collision with pedestrians, Industrial areas
1.0,Unknown,Unknown,Asphalt roads,Darkness - lights lit,Normal,Collision with roadside objects,Unknown
2.0,2:15:00,Saturday,Asphalt roads,Darkness - lights lit,Normal,Collision with roadside objects,Office areas
1.0,Unknown,Unknown,Asphalt roads,Daylight,Normal,Collision with roadside objects,Unknown
2.0,18:55:00,Friday,Asphalt roads,Daylight,Normal,Collision with roadside objects,Other
2.0,Unknown,Unknown,Asphalt roads,Daylight,Normal,Collision with roadside objects,Unknown
2.0,8:55:00,Friday,Asphalt roads,Daylight,Normal,Collision with roadside objects,Other
2.0,Unknown,Unknown,Asphalt roads,Daylight,Normal,Collision with roadside objects,Unknown
2.0,12:45:00,Saturday,Asphalt roads,Daylight,Normal,Collision with roadside objects,School areas
2.0,Unknown,Unknown,Asphalt roads,Daylight,Normal,Collision with roadside objects,Unknown
2.0,8:55:00,Tuesday,Asphalt roads,Daylight,Normal,Collision with roadside objects,Other
2.0,Unknown,Unknown,Asphalt roads,Daylight,Normal,Collision with roadside objects,Unknown
2.0,15:00:00,Saturday,Asphalt roads,Daylight,Normal,Collision with roadside objects,Other
2.0,Unknown,Unknown,Asphalt roads,Darkness - lights lit,Normal,Rollover,Unknown
2.0,20:50:00,Saturday,Asphalt roads,Darkness - lights lit,Normal,Rollover,Office areas
2.0,Unknown,Unknown,Asphalt roads,Daylight,Normal,Unknown,Unknown
2.0,Unknown,Unknown,Asphalt roads,Darkness - lights lit,Normal,Vehicle with vehicle collision,Unknown
2.0,0:51:00,Monday,Asphalt roads,Darkness - lights lit,Normal,Vehicle with vehicle collision,Office areas
2.0,Unknown,Unknown,Asphalt roads,Darkness - lights lit,Normal,Vehicle with vehicle collision,Unknown
2.0,17:00:00,Friday,Asphalt roads,Darkness - lights lit,Normal,Vehicle with vehicle collision,Other
2.0,Unknown,Unknown,Asphalt roads,Darkness - lights lit,Normal,Vehicle with vehicle collision,Unknown
2.0,20:55:00,Saturday,Asphalt roads,Darkness - lights lit,Normal,Vehicle with vehicle collision, Church areas
2.0,Unknown,Unknown,Asphalt roads,Darkness - lights lit,Normal,Vehicle with vehicle collision,Unknown
2.0,22:20:00,Friday,Asphalt roads,Darkness - lights lit,Normal,Vehicle with vehicle collision,Other
2.0,Unknown,Unknown,Asphalt roads,Darkness - lights lit,Normal,Vehicle with vehicle collision,Unknown
2.0,7:10:00,Tuesday,Asphalt roads,Darkness - lights lit,Normal,Vehicle with vehicle collision,Other
2.0,Unknown,Unknown,Asphalt roads,Darkness - lights unlit,Normal,Vehicle with vehicle collision,Unknown
2.0,16:10:00,Monday,Asphalt roads,Darkness - lights unlit,Normal,Vehicle with vehicle collision,Other
2.0,Unknown,Unknown,Asphalt roads,Daylight,Normal,Vehicle with vehicle collision,Unknown
2.0,15:50:00,Saturday,Asphalt roads,Daylight,Normal,Vehicle with vehicle collision,Office areas
2.0,Unknown,Unknown,Asphalt roads,Daylight,Normal,Vehicle with vehicle collision,Unknown
2.0,16:55:00,Friday,Asphalt roads,Daylight,Normal,Vehicle with vehicle collision,Office areas