accident_severity,time,day_of_week,road_surface_type,light_conditions,weather_conditions,type_of_collision,area_accident_occured
2.0,17:10:00,Friday,Asphalt roads,Daylight,Normal,Vehicle with vehicle collision,Other
1.0,Unknown,Unknown,Asphalt roads,Daylight,Normal,Vehicle with vehicle collision,Unknown
2.0,Unknown,Unknown,Asphalt roads,Daylight,Normal,Vehicle with vehicle collision,Unknown
2.0,12:10:00,Friday,Asphalt roads,Daylight,Normal,Vehicle with vehicle collision, Church areas
1.0,Unknown,Unknown,Asphalt roads,Daylight,Normal,Vehicle with vehicle collision,Unknown
2.0,Unknown,Unknown,Asphalt roads,Daylight,Normal,Vehicle with vehicle collision,Unknown
2.0,7:50:00,Friday,Asphalt roads,Daylight,Normal,Vehicle with vehicle collision,Residential areas
2.0,16:20:00,Wednesday,Asphalt roads,Daylight,Normal,Vehicle with vehicle collision,Other
2.0,8:27:00,Wednesday,Asphalt roads,Daylight,Normal,Vehicle with vehicle collision,Other
2.0,7:58:00,Thursday,Asphalt roads,Daylight,Normal,Vehicle with vehicle collision, Church areas
2.0,Unknown,Unknown,Asphalt roads,Daylight,Normal,Vehicle with vehicle collision,Unknown
2.0,12:53:00,Sunday,Asphalt roads,Daylight,Normal,Vehicle with vehicle collision,Other
2.0,Unknown,Unknown,Asphalt roads,Daylight,Normal,Vehicle with vehicle collision,Unknown
2.0,16:35:00,Saturday,Asphalt roads,Daylight,Normal,Vehicle with vehicle collision,Other
1.0,Unknown,Unknown,Asphalt roads,Daylight,Normal,Vehicle with vehicle collision,Unknown
2.0,13:29:00,Saturday,Asphalt roads,Daylight,Normal,Vehicle with vehicle collision, Outside rural areas
2.0,Unknown,Unknown,Asphalt roads,Daylight,Normal,Vehicle with vehicle collision,Unknown
2.0,Unknown,Unknown,Asphalt roads,Daylight,Normal,Vehicle with vehicle collision,Unknown
2.0,11:45:00,Sunday,Asphalt roads,Daylight,Normal,Vehicle with vehicle collision, Church areas
2.0,12:00:00,Saturday,Asphalt roads,Daylight,Normal,Vehicle with vehicle collision,Other
1.0,Unknown,Unknown,Asphalt roads,Daylight,Normal,Vehicle with vehicle collision,Unknown
2.0,11:30:00,Tuesday,Asphalt roads,Daylight,Normal,Vehicle with vehicle collision, Industrial areas
2.0,Unknown,Unknown,Asphalt roads,Daylight,Normal,Vehicle with vehicle collision,Unknown
2.0,20:30:00,Wednesday,Asphalt roads,Daylight,Normal,Vehicle with vehicle collision,Residential areas
2.0,Unknown,Unknown,Asphalt roads,Daylight,Normal,Vehicle with vehicle collision,Unknown
2.0,13:50:00,Sunday,Asphalt roads,Daylight,Normal,Vehicle with vehicle collision,Other
2.0,Unknown,Unknown,Asphalt roads,Daylight,Normal,Vehicle with vehicle collision,Unknown
2.0,7:20:00,Tuesday,Asphalt roads,Daylight,Normal,Vehicle with vehicle collision,Other
1.0,Unknown,Unknown,Asphalt roads,Daylight,Normal,Vehicle with vehicle collision,Unknown
2.0,Unknown,Unknown,Asphalt roads,Daylight,Normal,Vehicle with vehicle collision,Unknown
2.0,16:05:00,Sunday,Asphalt roads,Daylight,Normal,Vehicle with vehicle collision,Other
2.0,18:40:00,Thursday,Asphalt roads,Daylight,Normal,Vehicle with vehicle collision,Other
2.0,Unknown,Unknown,Asphalt roads,Daylight,Normal,Vehicle with vehicle collision,Unknown
2.0,19:07:00,Tuesday,Asphalt roads,Daylight,Normal,Vehicle with vehicle collision, Outside rural areas
1.0,Unknown,Unknown,Asphalt roads,Daylight,Normal,Vehicle with vehicle collision,Unknown
2.0,Unknown,Unknown,Asphalt roads,Daylight,Normal,Vehicle with vehicle collision,Unknown
2.0,7:15:00,Tuesday,Asphalt roads,Daylight,Normal,Vehicle with vehicle collision,Residential areas
2.0,Unknown,Unknown,Asphalt roads,Daylight,Normal,Vehicle with vehicle collision,Unknown
2.0,Unknown,Unknown,Asphalt roads,Daylight,Normal,Vehicle with vehicle collision,Unknown
2.0,16:52:00,Sunday,Asphalt roads,Daylight,Normal,Vehicle with vehicle collision,Residential areas
1.0,Unknown,Unknown,Asphalt roads,Daylight,Normal,Vehicle with vehicle collision,Unknown
2.0,Unknown,Unknown,Asphalt roads,Daylight,Normal,Vehicle with vehicle collision,Unknown
2.0,15:35:00,Thursday,Asphalt roads,Daylight,Normal,Vehicle with vehicle collision,Other
2.0,8:18:00,Friday,Asphalt roads,Daylight,Normal,Vehicle with vehicle collision, Outside rural areas
2.0,12:00:00,Tuesday,Asphalt roads,Daylight,Normal,Vehicle with vehicle collision,Residential areas
2.0,15:40:00,Monday,Asphalt roads,Daylight,Normal,Vehicle with vehicle collision,Other
2.0,Unknown,Unknown,Asphalt roads,Daylight,Normal,Vehicle with vehicle collision,Unknown
2.0,16:18:00,Saturday,Asphalt roads,Daylight,Normal,Vehicle with vehicle collision, Church areas
2.0,15:30:00,Saturday,Asphalt roads,Daylight,Normal,Vehicle with vehicle collision, Church areas
2.0,Unknown,Unknown,Asphalt roads,Daylight,Normal,Vehicle with vehicle collision,Unknown
2.0,8:12:00,Monday,Asphalt roads,Daylight,Normal,Vehicle with vehicle collision,Other
2.0,8:20:00,Thursday,Asphalt roads,Daylight,Normal,Vehicle with vehicle collision, Church areas
2.0,16:10:00,Tuesday,Asphalt roads,Daylight,Normal,Vehicle with vehicle collision,Other
2.0,Unknown,Unknown,Asphalt roads,Daylight,Normal,Vehicle with vehicle collision,Unknown
2.0,12:29:00,Tuesday,Asphalt roads,Daylight,Normal,Vehicle with vehicle collision,Residential areas
2.0,Unknown,Unknown,Asphalt roads,Daylight,Normal,Vehicle with vehicle collision,Unknown
2.0,12:20:00,Saturday,Asphalt roads,Daylight,Normal,Vehicle with vehicle collision,Office areas
2.0,Unknown,Unknown,Asphalt roads,Daylight,Normal,Vehicle with vehicle collision,Unknown
2.0,18:48:00,Monday,Asphalt roads,Daylight,Normal,Vehicle with vehicle collision,Office areas
2.0,Unknown,Unknown,Asphalt roads,Daylight,Normal,Vehicle with vehicle collision,Unknown
2.0,13:45:00,Sunday,Asphalt roads,Daylight,Normal,Vehicle with vehicle collision,Other
2.0,Unknown,Unknown,Asphalt roads,Daylight,Normal,Vehicle with vehicle collision,Unknown
2.0,17:50:00,Sunday,Asphalt roads,Daylight,Normal,Vehicle with vehicle collision,Other
1.0,Unknown,Unknown,Asphalt roads,Daylight,Normal,Vehicle with vehicle collision,Unknown
2.0,18:00:00,Saturday,Asphalt roads,Daylight,Normal,Vehicle with vehicle collision, Church areas
2.0,Unknown,Unknown,Asphalt roads,Daylight,Normal,Vehicle with vehicle collision,Unknown
2.0,6:45:00,Tuesday,Asphalt roads,Daylight,Normal,Vehicle with vehicle collision,Other
2.0,Unknown,Unknown,Asphalt roads,Daylight,Normal,Vehicle with vehicle collision,Unknown
2.0,15:40:00,Sunday,Asphalt roads,Daylight,Normal,Vehicle with vehicle collision,Residential areas
2.0,16:30:00,Monday,Asphalt roads,Daylight,Normal,Vehicle with vehicle collision,Other
1.0,Unknown,Unknown,Asphalt roads,Daylight,Normal,Vehicle with vehicle collision,Unknown
2.0,Unknown,Unknown,Asphalt roads,Daylight,Normal,Vehicle with vehicle collision,Unknown
2.0,9:55:00,Wednesday,Asphalt roads,Daylight,Normal,Vehicle with vehicle collision, Church areas
2.0,15:45:00,Friday,Asphalt roads,Daylight,Normal,Vehicle with vehicle collision, Hospital areas
2.0,Unknown,Unknown,Asphalt roads,Daylight,Normal,Vehicle with vehicle collision,Unknown
2.0,17:48:00,Thursday,Asphalt roads,Daylight,Normal,Vehicle with vehicle collision,Residential areas
2.0,17:10:00,Friday,Asphalt roads,Daylight,Normal,Vehicle with vehicle collision,Other
2.0,Unknown,Unknown,Asphalt roads,Daylight,Normal,Vehicle with vehicle collision,Unknown
2.0,10:29:00,Thursday,Asphalt roads,Daylight,Normal,Vehicle with vehicle collision,Office areas
2.0,Unknown,Unknown,Asphalt roads,Daylight,Normal,Vehicle with vehicle collision,Unknown
2.0,16:20:00,Monday,Asphalt roads,Daylight,Normal,Vehicle with vehicle collision,Other
1.0,Unknown,Unknown,Asphalt roads,Daylight,Normal,Vehicle with vehicle collision,Unknown
2.0,8:06:00,Wednesday,Asphalt roads,Daylight,Normal,Vehicle with vehicle collision,Other
2.0,Unknown,Unknown,Asphalt roads,Daylight,Normal,Vehicle with vehicle collision,Unknown
2.0,16:50:00,Thursday,Asphalt roads,Daylight,Normal,Vehicle with vehicle collision,  Recreational areas
1.0,Unknown,Unknown,Asphalt roads,Daylight,Normal,Vehicle with vehicle collision,Unknown
2.0,Unknown,Unknown,Asphalt roads,Daylight,Normal,Vehicle with vehicle collision,Unknown
2.0,Unknown,Unknown,Asphalt roads,Daylight,Normal,Vehicle with vehicle collision,Unknown
2.0,13:00:00,Tuesday,Asphalt roads,Daylight,Normal,Vehicle with vehicle collision,Office areas
2.0,8:40:00,Wednesday,Asphalt roads,Daylight,Normal,Vehicle with vehicle collision, Outside rural areas
2.0,14:30:00,Friday,Asphalt roads,Daylight,Normal,Vehicle with vehicle collision,Residential areas
2.0,11:30:00,Tuesday,Asphalt roads,Daylight,Normal,Vehicle with vehicle collision,Other
2.0,Unknown,Unknown,Asphalt roads,Daylight,Normal,Vehicle with vehicle collision,Unknown
2.0,4:55:00,Saturday,Asphalt roads,Daylight,Normal,Vehicle with vehicle collision,Other
1.0,Unknown,Unknown,Asphalt roads,Daylight,Normal,Vehicle with vehicle collision,Unknown
2.0,Unknown,Unknown,Asphalt roads,Daylight,Normal,Vehicle with vehicle collision,Unknown
2.0,16:20:00,Wednesday,Asphalt roads,Daylight,Normal,Vehicle with vehicle collision,Unknown
2.0,19:44:00,Saturday,Asphalt roads,Daylight,Normal,Vehicle with vehicle collision,Other
2.0,15:16:00,Thursday,Asphalt roads,Daylight,Normal,Vehicle with vehicle collision,Other
2.0,4:10:00,Sunday,Asphalt roads,Daylight,Normal,Vehicle with vehicle collision,Office areas
1.0,Unknown,Unknown,Asphalt roads,Daylight,Normal,Vehicle with vehicle collision,Unknown
2.0,Unknown,Unknown,Asphalt roads,Daylight,Normal,Vehicle with vehicle collision,Unknown
2.0,8:28:00,Monday,Asphalt roads,Daylight,Normal,Vehicle with vehicle collision,Other
2.0,14:10:00,Tuesday,Asphalt roads,Daylight,Normal,Vehicle with vehicle collision,Other
2.0,15:15:00,Thursday,Asphalt roads,Daylight,Normal,Vehicle with vehicle collision,  Recreational areas
2.0,12:44:00,Tuesday,Asphalt roads,Daylight,Normal,Vehicle with vehicle collision, Church areas
2.0,21:15:00,Thursday,Asphalt roads,Daylight,Normal,Vehicle with vehicle collision,Other
2.0,Unknown,Unknown,Asphalt roads,Daylight,Normal,Vehicle with vehicle collision,Unknown
2.0,7:43:00,Friday,Asphalt roads,Daylight,Normal,Vehicle with vehicle collision,Other
2.0,12:30:00,Sunday,Asphalt roads,Daylight,Normal,Vehicle with vehicle collision, Church areas
2.0,Unknown,Unknown,Asphalt roads,Daylight,Normal,Vehicle with vehicle collision,Unknown
2.0,9:27:00,Friday,Asphalt roads,Daylight,Normal,Vehicle with vehicle collision,Other
2.0,13:55:00,Sunday,Asphalt roads,Daylight,Normal,Vehicle with vehicle collision,Residential areas
2.0,9:01:00,Wednesday,Asphalt roads,Daylight,Normal,Vehicle with vehicle collision,Other
2.0,23:45:00,Friday,Asphalt roads,Daylight,Normal,Vehicle with vehicle collision,Residential areas
2.0,Unknown,Unknown,Asphalt roads,Daylight,Normal,Vehicle with vehicle collision,Unknown
2.0,13:00:00,Saturday,Asphalt roads,Daylight,Normal,Vehicle with vehicle collision,Other
2.0,Unknown,Unknown,Asphalt roads,Daylight,Normal,Vehicle with vehicle collision,Unknown
2.0,18:36:00,Wednesday,Asphalt roads,Daylight,Normal,Vehicle with vehicle collision,Office areas
2.0,Unknown,Unknown,Asphalt roads,Daylight,Normal,Vehicle with vehicle collision,Unknown
2.0,15:51:00,Tuesday,Asphalt roads,Daylight,Normal,Vehicle with vehicle collision,Residential areas
2.0,Unknown,Unknown,Asphalt roads,Daylight,Normal,Vehicle with vehicle collision,Unknown
2.0,20:40:00,Sunday,Asphalt roads,Daylight,Normal,Vehicle with vehicle collision, Outside rural areas
2.0,9:00:00,Tuesday,Asphalt roads,Daylight,Normal,Vehicle with vehicle collision,Office areas
2.0,8:50:00,Monday,Asphalt roads,Daylight,Normal,Vehicle with vehicle collision,School areas
2.0,18:00:00,Saturday,Asphalt roads,Daylight,Normal,Vehicle with vehicle collision, Church areas
2.0,Unknown,Unknown,Asphalt roads,Daylight,Normal,Vehicle with vehicle collision,Unknown
2.0,14:09:00,Tuesday,Asphalt roads,Daylight,Normal,Vehicle with vehicle collision,  Recreational areas
1.0,Unknown,Unknown,Asphalt roads,Daylight,Normal,Vehicle with vehicle collision,Unknown
2.0,Unknown,Unknown,Asphalt roads,Daylight,Normal,Vehicle with vehicle collision,Unknown
2.0,17:30:00,Tuesday,Asphalt roads,Daylight,Normal,Vehicle with vehicle collision,Other
2.0,16:46:00,Thursday,Asphalt roads,Daylight,Normal,Vehicle with vehicle collision,Other
2.0,Unknown,Unknown,Asphalt roads,Daylight,Normal,Vehicle with vehicle collision,Unknown
2.0,17:10:00,Friday,Asphalt roads,Daylight,Normal,Vehicle with vehicle collision,Office areas
2.0,Unknown,Unknown,Asphalt roads,Daylight,Normal,Vehicle with vehicle collision,Unknown
2.0,14:23:00,Monday,Asphalt roads,Daylight,Normal,Vehicle with vehicle collision,Office areas
2.0,Unknown,Unknown,Asphalt roads,Daylight,Normal,Vehicle with vehicle collision,Unknown
2.0,20:30:00,Wednesday,Asphalt roads,Daylight,Normal,Vehicle with vehicle collision,Other
2.0,Unknown,Unknown,Asphalt roads,Daylight,Normal,Vehicle with vehicle collision,Unknown
2.0,15:40:00,Tuesday,Asphalt roads,Daylight,Normal,Vehicle with vehicle collision,Other
1.0,Unknown,Unknown,Asphalt roads,Daylight,Normal,Vehicle with vehicle collision,Unknown
2.0,Unknown,Unknown,Asphalt roads,Daylight,Normal,Vehicle with vehicle collision,Unknown
2.0,7:25:00,Tuesday,Asphalt roads,Daylight,Normal,Vehicle with vehicle collision,Residential areas
2.0,7:50:00,Wednesday,Asphalt roads,Daylight,Normal,Vehicle with vehicle collision,Residential areas
2.0,Unknown,Unknown,Asphalt roads,Daylight,Normal,Vehicle with vehicle collision,Unknown
2.0,16:30:00,Thursday,Asphalt roads,Daylight,Normal,Vehicle with vehicle collision, Church areas
2.0,Unknown,Unknown,Asphalt roads,Daylight,Normal,Vehicle with vehicle collision,Unknown
2.0,Unknown,Unknown,Asphalt roads,Daylight,Normal,Vehicle with vehicle collision,Unknown
2.0,Unknown,Unknown,Asphalt roads,Daylight,Normal,Vehicle with vehicle collision,Unknown
1.0,Unknown,Unknown,Asphalt roads,Daylight,Normal,Vehicle with vehicle collision,Unknown
2.0,19:44:00,Saturday,Asphalt roads,Daylight,Normal,Vehicle with vehicle collision,Other
2.0,Unknown,Unknown,Asphalt roads,Daylight,Normal,Vehicle with vehicle collision,Unknown
2.0,14:50:00,Saturday,Asphalt roads,Daylight,Normal,Vehicle with vehicle collision,Office areas
2.0,15:20:00,Saturday,Asphalt roads,Daylight,Normal,Vehicle with vehicle collision,Residential areas
2.0,8:00:00,Friday,Asphalt roads,Daylight,Normal,Vehicle with vehicle collision,Office areas
1.0,Unknown,Unknown,Asphalt roads,Daylight,Normal,Vehicle with vehicle collision,Unknown
2.0,Unknown,Unknown,Asphalt roads,Daylight,Normal,Vehicle with vehicle collision,Unknown
2.0,16:35:00,Friday,Asphalt roads,Daylight,Normal,Vehicle with vehicle collision,Other
2.0,10:25:00,Monday,Asphalt roads,Daylight,Normal,Vehicle with vehicle collision,Office areas
2.0,Unknown,Unknown,Asphalt roads,Daylight,Normal,Vehicle with vehicle collision,Unknown
2.0,9:11:00,Thursday,Asphalt roads,Daylight,Normal,Vehicle with vehicle collision,Other
2.0,9:15:00,Wednesday,Asphalt roads,Daylight,Normal,Vehicle with vehicle collision,  Recreational areas
2.0,3:55:00,Monday,Asphalt roads,Daylight,Normal,Vehicle with vehicle collision,Other
2.0,Unknown,Unknown,Asphalt roads,Daylight,Normal,Vehicle with vehicle collision,Unknown
2.0,8:55:00,Tuesday,Asphalt roads,Daylight,Normal,Vehicle with vehicle collision,Residential areas
2.0,14:40:00,Saturday,Asphalt roads,Daylight,Normal,Vehicle with vehicle collision,Other
2.0,16:18:00,Wednesday,Asphalt roads,Daylight,Normal,Vehicle with vehicle collision,Residential areas
2.0,17:20:00,Tuesday,Asphalt roads,Daylight,Normal,Vehicle with vehicle collision,Other
2.0,7:40:00,Tuesday,Asphalt roads,Daylight,Normal,Vehicle with vehicle collision,Residential areas
2.0,Unknown,Unknown,Asphalt roads,Daylight,Normal,Vehicle with vehicle collision,Unknown
2.0,13:58:00,Thursday,Asphalt roads,Daylight,Normal,Vehicle with vehicle collision,Other
2.0,12:20:00,Saturday,Asphalt roads,Daylight,Normal,Vehicle with vehicle collision,Other
1.0,Unknown,Unknown,Asphalt roads,Daylight,Normal,Vehicle with vehicle collision,Unknown
2.0,16:25:00,Tuesday,Asphalt roads,Daylight,Normal,Vehicle with vehicle collision,Other
2.0,Unknown,Unknown,Asphalt roads,Daylight,Normal,Vehicle with vehicle collision,Unknown
2.0,19:30:00,Saturday,Asphalt roads,Daylight,Normal,Vehicle with vehicle collision,Unknown
2.0,16:18:00,Wednesday,Asphalt roads,Daylight,Normal,Vehicle with vehicle collision,Other
2.0,Unknown,Unknown,Asphalt roads,Daylight,Normal,Vehicle with vehicle collision,Unknown
2.0,9:55:00,Wednesday,Asphalt roads,Daylight,Normal,Vehicle with vehicle collision,Other
2.0,Unknown,Unknown,Asphalt roads,Daylight,Normal,Vehicle with vehicle collision,Unknown
2.0,Unknown,Unknown,Asphalt roads,Daylight,Normal,Vehicle with vehicle collision,Unknown
2.0,11:50:00,Monday,Asphalt roads,Daylight,Normal,Vehicle with vehicle collision,Office areas
2.0,20:20:00,Wednesday,Asphalt roads,Daylight,Normal,Vehicle with vehicle collision,School areas
2.0,Unknown,Unknown,Asphalt roads,Daylight,Normal,Vehicle with vehicle collision,Unknown
2.0,14:49:00,Monday,Asphalt roads,Daylight,Normal,Vehicle with vehicle collision,  Recreational areas
2.0,Unknown,Unknown,Asphalt roads,Daylight,Normal,Vehicle with vehicle collision,Unknown
2.0,11:30:00,Monday,Asphalt roads,Daylight,Normal,Vehicle with vehicle collision,Other
1.0,Unknown,Unknown,Asphalt roads,Daylight,Normal,Vehicle with vehicle collision,Unknown
2.0,Unknown,Unknown,Asphalt roads,Daylight,Normal,Vehicle with vehicle collision,Unknown
2.0,19:10:00,Monday,Asphalt roads,Daylight,Normal,Vehicle with vehicle collision,Other
2.0,12:00:00,Sunday,Asphalt roads,Daylight,Normal,Vehicle with vehicle collision,Other
2.0,14:57:00,Friday,Asphalt roads,Daylight,Normal,Vehicle with vehicle collision,Other
2.0,Unknown,Unknown,Asphalt roads,Daylight,Normal,Vehicle with vehicle collision,Unknown
2.0,16:10:00,Friday,Asphalt roads,Daylight,Normal,Vehicle with vehicle collision,Other
2.0,Unknown,Unknown,Asphalt roads,Daylight,Normal,Vehicle with vehicle collision,Unknown
2.0,Unknown,Unknown,Asphalt roads,Daylight,Normal,Vehicle with vehicle collision,Unknown
2.0,17:35:00,Thursday,Asphalt roads,Daylight,Normal,Vehicle with vehicle collision,Other
2.0,17:45:00,Sunday,Asphalt roads,Daylight,Normal,Vehicle with vehicle collision,Other
2.0,Unknown,Unknown,Asphalt roads,Daylight,Normal,Vehicle with vehicle collision,Unknown
2.0,15:50:00,Monday,Asphalt roads,Daylight,Normal,Vehicle with vehicle collision, Industrial areas
2.0,Unknown,Unknown,Asphalt roads,Daylight,Normal,Vehicle with vehicle collision,Unknown
2.0,8:28:00,Sunday,Asphalt roads,Daylight,Normal,Vehicle with vehicle collision,Office areas
2.0,Unknown,Unknown,Asphalt roads,Daylight,Normal,Vehicle with vehicle collision,Unknown
2.0,10:43:00,Saturday,Asphalt roads,Daylight,Normal,Vehicle with vehicle collision,Office areas
2.0,Unknown,Unknown,Asphalt roads,Daylight,Normal,Vehicle with vehicle collision,Unknown
2.0,18:15:00,Tuesday,Asphalt roads,Daylight,Normal,Vehicle with vehicle collision,Other
2.0,Unknown,Unknown,Asphalt roads,Daylight,Normal,Vehicle with vehicle collision,Unknown
2.0,Unknown,Unknown,Asphalt roads,Daylight,Normal,Vehicle with vehicle collision,Unknown
2.0,11:48:00,Sunday,Asphalt roads,Daylight,Normal,Vehicle with vehicle collision,Residential areas
2.0,Unknown,Unknown,Asphalt roads,Daylight,Normal,Vehicle with vehicle collision,Unknown
2.0,12:10:00,Friday,Asphalt roads,Daylight,Normal,Vehicle with vehicle collision,Office areas
2.0,16:30:00,Tuesday,Asphalt roads,Daylight,Normal,Vehicle with vehicle collision,Office areas
2.0,Unknown,Unknown,Asphalt roads,Daylight,Normal,Vehicle with vehicle collision,Unknown
2.0,12:55:00,Monday,Asphalt roads,Daylight,Normal,Vehicle with vehicle collision, Church areas
2.0,17:40:00,Wednesday,Asphalt roads,Daylight,Normal,,Other
2.0,18:43:00,Saturday,Asphalt roads,Daylight,Normal,, Church areas
2.0,16:10:00,Tuesday,Asphalt roads,Daylight,Normal,,Office areas
1.0,Unknown,Unknown,Asphalt roads with some distress,Daylight,Normal,Rollover,Unknown
2.0,16:25:00,Tuesday,Asphalt roads with some distress,Daylight,Normal,Rollover,Residential areas
2.0,Unknown,Unknown,Asphalt roads with some distress,Daylight,Normal,Vehicle with vehicle collision,Unknown
2.0,15:35:00,Friday,Asphalt roads with some distress,Daylight,Normal,Vehicle with vehicle collision,Other
2.0,Unknown,Unknown,Earth roads,Daylight,Normal,Collision with animals,Unknown
2.0,7:30:00,Thursday,Earth roads,Daylight,Normal,Collision with animals,Other
1.0,Unknown,Unknown,Earth roads,Darkness - lights lit,Normal,Collision with pedestrians,Unknown
2.0,0:18:00,Sunday,Earth roads,Darkness - lights lit,Normal,Collision with pedestrians,Office areas
2.0,Unknown,Unknown,Earth roads,Daylight,Normal,Collision with roadside objects,Unknown
2.0,14:30:00,Saturday,Earth roads,Daylight,Normal,Collision with roadside objects,Office areas
2.0,Unknown,Unknown,Earth roads,Daylight,Normal,Collision with roadside objects,Unknown
2.0,18:00:00,Tuesday,Earth roads,Daylight,Normal,Collision with roadside objects,Other
2.0,Unknown,Unknown,Earth roads,Daylight,Normal,Collision with roadside objects,Unknown
2.0,16:45:00,Wednesday,Earth roads,Daylight,Normal,Collision with roadside objects,Office areas
2.0,Unknown,Unknown,Earth roads,Daylight,Normal,Collision with roadside objects,Unknown
2.0,14:40:00,Wednesday,Earth roads,Daylight,Normal,Collision with roadside objects,Residential areas
1.0,Unknown,Unknown,Earth roads,Daylight,Normal,Collision with roadside objects,Unknown
2.0,13:09:00,Thursday,Earth roads,Daylight,Normal,Collision with roadside objects,Office areas
2.0,Unknown,Unknown,Earth roads,Daylight,Normal,Rollover,Unknown
2.0,12:30:00,Thursday,Earth roads,Daylight,Normal,Rollover,Residential areas
1.0,Unknown,Unknown,Earth roads,Daylight,Normal,Unknown,Unknown
2.0,Unknown,Unknown,Earth roads,Darkness - lights lit,Normal,Vehicle with vehicle collision,Unknown
2.0,23:15:00,Saturday,Earth roads,Darkness - lights lit,Normal,Vehicle with vehicle collision, Church areas
2.0,Unknown,Unknown,Earth roads,Darkness - lights lit,Normal,Vehicle with vehicle collision,Unknown
2.0,21:32:00,Thursday,Earth roads,Darkness - lights lit,Normal,Vehicle with vehicle collision,Other
2.0,Unknown,Unknown,Earth roads,Daylight,Normal,Vehicle with vehicle collision,Unknown
2.0,17:00:00,Tuesday,Earth roads,Daylight,Normal,Vehicle with vehicle collision,Other
2.0,Unknown,Unknown,Earth roads,Daylight,Normal,Vehicle with vehicle collision,Unknown
2.0,9:47:00,Saturday,Earth roads,Daylight,Normal,Vehicle with vehicle collision, Church areas
2.0,Unknown,Unknown,Earth roads,Daylight,Normal,Vehicle with vehicle collision,Unknown
2.0,12:15:00,Saturday,Earth roads,Daylight,Normal,Vehicle with vehicle collision,Office areas
2.0,Unknown,Unknown,Earth roads,Daylight,Normal,Vehicle with vehicle collision,Unknown
2.0,12:53:00,Sunday,Earth roads,Daylight,Normal,Vehicle with vehicle collision,Other
2.0,Unknown,Unknown,Earth roads,Daylight,Normal,Vehicle with vehicle collision,Unknown
2.0,7:46:00,Thursday,Earth roads,Daylight,Normal,Vehicle with vehicle collision,Other
2.0,Unknown,Unknown,Earth roads,Daylight,Normal,Vehicle with vehicle collision,Unknown
2.0,8:05:00,Tuesday,Earth roads,Daylight,Normal,Vehicle with vehicle collision,Other
2.0,15:08:00,Monday,Earth roads,Daylight,Normal,,Other
2.0,Unknown,Unknown,Gravel roads,Darkness - lights lit,Normal,Collision with pedestrians,Unknown
2.0,22:45:00,Thursday,Gravel roads,Darkness - lights lit,Normal,Collision with pedestrians,Office areas
1.0,Unknown,Unknown,Gravel roads,Daylight,Normal,Collision with pedestrians,Unknown
2.0,9:02:00,Monday,Gravel roads,Daylight,Normal,Collision with pedestrians,Other
1.0,Unknown,Unknown,Gravel roads,Darkness - no lighting,Normal,Collision with roadside objects,Unknown
2.0,8:40:00,Wednesday,Gravel roads,Darkness - no lighting,Normal,Collision with roadside objects,Other
2.0,Unknown,Unknown,Gravel roads,Daylight,Normal,Collision with roadside objects,Unknown
2.0,9:12:00,Wednesday,Gravel roads,Daylight,Normal,Collision with roadside objects,Office areas
1.0,Unknown,Unknown,Gravel roads,Daylight,Normal,Vehicle with vehicle collision,Unknown
2.0,11:30:00,Tuesday,Gravel roads,Daylight,Normal,Vehicle with vehicle collision,Office areas
2.0,Unknown,Unknown,Gravel roads,Daylight,Normal,Vehicle with vehicle collision,Unknown
2.0,17:35:00,Thursday,Gravel roads,Daylight,Normal,Vehicle with vehicle collision,Office areas
2.0,Unknown,Unknown,Gravel roads,Daylight,Normal,Vehicle with vehicle collision,Unknown
2.0,13:43:00,Monday,Gravel roads,Daylight,Normal,Vehicle with vehicle collision,Office areas
1.0,Unknown,Unknown,Gravel roads,Daylight,Normal,Vehicle with vehicle collision,Unknown
2.0,17:28:00,Tuesday,Gravel roads,Daylight,Normal,Vehicle with vehicle collision,Office areas
2.0,Unknown,Unknown,Gravel roads,Daylight,Normal,Vehicle with vehicle collision,Unknown
2.0,13:45:00,Wednesday,Gravel roads,Daylight,Normal,Vehicle with vehicle collision,Other
2.0,Unknown,Unknown,Other,Daylight,Normal,Collision with pedestrians,Unknown
2.0,13:15:00,Sunday,Other,Daylight,Normal,Collision with pedestrians,Other
2.0,Unknown,Unknown,Other,Darkness - lights lit,Normal,Collision with roadside objects,Unknown
2.0,17:45:00,Sunday,Other,Darkness - lights lit,Normal,Collision with roadside objects,Residential areas
2.0,Unknown,Unknown,Other,Daylight,Normal,Rollover,Unknown
2.0,18:53:00,Saturday,Other,Daylight,Normal,Rollover, Hospital areas
2.0,Unknown,Unknown,Other,Darkness - lights lit,Normal,Vehicle with vehicle collision,Unknown
2.0,18:00:00,Tuesday,Other,Darkness - lights lit,Normal,Vehicle with vehicle collision,Other
2.0,Unknown,Unknown,Other,Daylight,Normal,Vehicle with vehicle collision,Unknown
2.0,18:40:00,Thursday,Other,Daylight,Normal,Vehicle with vehicle collision, Church areas
2.0,Unknown,Unknown,Other,Daylight,Normal,Vehicle with vehicle collision,Unknown
2.0,15:20:00,Monday,Other,Daylight,Normal,Vehicle with vehicle collision,Office areas
2.0,Unknown,Unknown,Other,Daylight,Normal,Vehicle with vehicle collision,Unknown
2.0,12:59:00,Tuesday,Other,Daylight,Normal,Vehicle with vehicle collision,Residential areas
2.0,Unknown,Unknown,Unknown,Darkness - lights lit,Normal,Collision with roadside objects,Unknown
2.0,Unknown,Unknown,Unknown,Darkness - lights lit,Normal,Vehicle with vehicle collision,Unknown
1.0,Unknown,Unknown,Unknown,Darkness - lights lit,Normal,Vehicle with vehicle collision,Unknown
2.0,Unknown,Unknown,Unknown,Daylight,Normal,Vehicle with vehicle collision,Unknown
2.0,Unknown,Unknown,Unknown,Daylight,Normal,Vehicle with vehicle collision,Unknown
2.0,22:35:00,Wednesday,,Darkness - lights lit,Normal,Collision with roadside objects,Other