accident_severity,time,day_of_week,road_surface_type,light_conditions,weather_conditions,type_of_collision,area_accident_occured
2.0,Unknown,Unknown,Asphalt roads,Darkness - lights lit,Normal,Collision with roadside objects,Unknown
2.0,10:35:00,Wednesday,Asphalt roads,Darkness - lights lit,Normal,Collision with roadside objects,Residential areas
1.0,Unknown,Unknown,Asphalt roads,Daylight,Normal,Collision with roadside objects,Unknown
2.0,16:05:00,Friday,Asphalt roads,Daylight,Normal,Collision with roadside objects,School areas
2.0,Unknown,Unknown,Asphalt roads,Daylight,Normal,Collision with roadside objects,Unknown
2.0,17:35:00,Thursday,Asphalt roads,Daylight,Normal,Collision with roadside objects,Rural village areasOffice areas
2.0,Unknown,Unknown,Asphalt roads,Daylight,Normal,Fall from vehicles,Unknown
2.0,17:50:00,Sunday,Asphalt roads,Daylight,Normal,Fall from vehicles, Church areas
1.0,Unknown,Unknown,Asphalt roads,Daylight,Normal,Other,Unknown
2.0,19:35:00,Thursday,Asphalt roads,Daylight,Normal,Other,Other
1.0,Unknown,Unknown,Asphalt roads,Darkness - lights lit,Normal,Rollover,Unknown
2.0,3:39:00,Friday,Asphalt roads,Darkness - lights lit,Normal,Rollover,Other
2.0,Unknown,Unknown,Asphalt roads,Darkness - lights lit,Normal,Vehicle with vehicle collision,Unknown
2.0,23:23:00,Saturday,Asphalt roads,Darkness - lights lit,Normal,Vehicle with vehicle collision,Residential areas
2.0,Unknown,Unknown,Asphalt roads,Darkness - lights lit,Normal,Vehicle with vehicle collision,Unknown
2.0,21:40:00,Wednesday,Asphalt roads,Darkness - lights lit,Normal,Vehicle with vehicle collision,School areas
2.0,Unknown,Unknown,Asphalt roads,Darkness - lights lit,Normal,Vehicle with vehicle collision,Unknown
2.0,18:15:00,Tuesday,Asphalt roads,Darkness - lights lit,Normal,Vehicle with vehicle collision,Office areas
2.0,Unknown,Unknown,Asphalt roads,Darkness - lights lit,Normal,Vehicle with vehicle collision,Unknown
2.0,0:20:00,Friday,Asphalt roads,Darkness - lights lit,Normal,Vehicle with vehicle collision,Residential areas
2.0,Unknown,Unknown,Asphalt roads,Daylight,Normal,Vehicle with vehicle collision,Unknown
2.0,13:36:00,Tuesday,Asphalt roads,Daylight,Normal,Vehicle with vehicle collision,Residential areas
2.0,Unknown,Unknown,Asphalt roads,Daylight,Normal,Vehicle with vehicle collision,Unknown
2.0,18:20:00,Wednesday,Asphalt roads,Daylight,Normal,Vehicle with vehicle collision, Industrial areas
1.0,Unknown,Unknown,Asphalt roads,Daylight,Normal,Vehicle with vehicle collision,Unknown
2.0,20:10:00,Saturday,Asphalt roads,Daylight,Normal,Vehicle with vehicle collision,Other
2.0,Unknown,Unknown,Asphalt roads,Daylight,Normal,Vehicle with vehicle collision,Unknown
2.0,14:10:00,Thursday,Asphalt roads,Daylight,Normal,Vehicle with vehicle collision,Residential areas
2.0,Unknown,Unknown,Asphalt roads,Daylight,Normal,Vehicle with vehicle collision,Unknown
2.0,19:41:00,Thursday,Asphalt roads,Daylight,Normal,Vehicle with vehicle collision,Residential areas
2.0,Unknown,Unknown,Asphalt roads,Daylight,Normal,Vehicle with vehicle collision,Unknown
2.0,17:10:00,Friday,Asphalt roads,Daylight,Normal,Vehicle with vehicle collision,School areas
2.0,Unknown,Unknown,Asphalt roads,Daylight,Normal,Vehicle with vehicle collision,Unknown
2.0,17:04:00,Saturday,Asphalt roads,Daylight,Normal,Vehicle with vehicle collision,Other
1.0,Unknown,Unknown,Asphalt roads,Daylight,Normal,Vehicle with vehicle collision,Unknown
2.0,7:25:00,Wednesday,Asphalt roads,Daylight,Normal,Vehicle with vehicle collision,Other
2.0,Unknown,Unknown,Asphalt roads,Daylight,Normal,Vehicle with vehicle collision,Unknown
2.0,13:54:00,Friday,Asphalt roads,Daylight,Normal,Vehicle with vehicle collision,Residential areas
2.0,Unknown,Unknown,Earth roads,Daylight,Normal,Vehicle with vehicle collision,Unknown
2.0,14:20:00,Tuesday,Earth roads,Daylight,Normal,Vehicle with vehicle collision, Church areas
2.0,Unknown,Unknown,Gravel roads,Daylight,Normal,Vehicle with vehicle collision,Unknown
2.0,16:02:00,Sunday,Gravel roads,Daylight,Normal,Vehicle with vehicle collision,Residential areas
2.0,20:25:00,Thursday,Asphalt roads,Darkness - lights lit,Normal,Collision with roadside objects,Office areas
2.0,14:30:00,Sunday,Asphalt roads,Daylight,Normal,Collision with roadside objects,Unknown
2.0,17:21:00,Thursday,Asphalt roads,Daylight,Normal,Vehicle with vehicle collision,Office areas
2.0,13:45:00,Thursday,Asphalt roads,Daylight,Normal,Vehicle with vehicle collision,School areas
2.0,15:15:00,Thursday,Asphalt roads,Daylight,Normal,Vehicle with vehicle collision,Unknown
2.0,8:28:00,Tuesday,Asphalt roads,Daylight,Normal,Vehicle with vehicle collision,Unknown
2.0,Unknown,Unknown,Asphalt roads,Daylight,Normal,Collision with pedestrians,Unknown
2.0,11:45:00,Saturday,Asphalt roads,Daylight,Normal,Collision with pedestrians,School areas
2.0,Unknown,Unknown,Asphalt roads,Darkness - lights lit,Normal,Vehicle with vehicle collision,Unknown
2.0,23:35:00,Saturday,Asphalt roads,Darkness - lights lit,Normal,Vehicle with vehicle collision,School areas
1.0,Unknown,Unknown,Asphalt roads,Darkness - lights lit,Normal,Vehicle with vehicle collision,Unknown
2.0,21:20:00,Wednesday,Asphalt roads,Darkness - lights lit,Normal,Vehicle with vehicle collision,School areas
1.0,Unknown,Unknown,Asphalt roads,Daylight,Normal,Vehicle with vehicle collision,Unknown
2.0,6:50:00,Wednesday,Asphalt roads,Daylight,Normal,Vehicle with vehicle collision,Residential areas
2.0,Unknown,Unknown,Asphalt roads,Daylight,Normal,Vehicle with vehicle collision,Unknown
2.0,14:59:00,Wednesday,Asphalt roads,Daylight,Normal,Vehicle with vehicle collision, Church areas
2.0,Unknown,Unknown,Asphalt roads,Darkness - lights lit,Normal,Collision with roadside objects,Unknown
2.0,14:59:00,Wednesday,Asphalt roads,Darkness - lights lit,Normal,Collision with roadside objects,School areas
2.0,Unknown,Unknown,Asphalt roads,Daylight,Normal,Collision with pedestrians,Unknown
2.0,10:18:00,Sunday,Asphalt roads,Daylight,Normal,Collision with pedestrians,Office areas
2.0,Unknown,Unknown,Asphalt roads,Daylight,Normal,Vehicle with vehicle collision,Unknown
2.0,21:00:00,Monday,Asphalt roads,Daylight,Normal,Vehicle with vehicle collision,Other
2.0,Unknown,Unknown,Asphalt roads,Daylight,Normal,Rollover,Unknown
2.0,15:20:00,Saturday,Asphalt roads,Daylight,Normal,Rollover, Industrial areas
2.0,Unknown,Unknown,Asphalt roads,Daylight,Normal,Vehicle with vehicle collision,Unknown
2.0,Unknown,Unknown,Asphalt roads,Daylight,Normal,Vehicle with vehicle collision,Unknown
2.0,13:11:00,Monday,Asphalt roads,Daylight,Normal,Vehicle with vehicle collision,Residential areas
2.0,Unknown,Unknown,Asphalt roads,Daylight,Normal,Vehicle with vehicle collision,Unknown
2.0,17:50:00,Friday,Asphalt roads,Daylight,Normal,Vehicle with vehicle collision,  Recreational areas
2.0,11:10:00,Thursday,Asphalt roads,Daylight,Normal,Vehicle with vehicle collision,Unknown
2.0,Unknown,Unknown,Asphalt roads,Darkness - lights lit,Normal,Collision with roadside objects,Unknown
2.0,20:00:00,Friday,Asphalt roads,Darkness - lights lit,Normal,Collision with roadside objects,Office areas
1.0,Unknown,Unknown,Asphalt roads,Darkness - lights lit,Normal,Collision with roadside objects,Unknown
2.0,16:55:00,Friday,Asphalt roads,Darkness - lights lit,Normal,Collision with roadside objects,Office areas
2.0,Unknown,Unknown,Asphalt roads,Daylight,Normal,Vehicle with vehicle collision,Unknown
2.0,16:45:00,Thursday,Asphalt roads,Daylight,Normal,Vehicle with vehicle collision,Residential areas
2.0,Unknown,Unknown,Asphalt roads,Daylight,Normal,Vehicle with vehicle collision,Unknown
2.0,11:05:00,Friday,Asphalt roads,Daylight,Normal,Vehicle with vehicle collision,Office areas
2.0,Unknown,Unknown,Asphalt roads,Daylight,Normal,Vehicle with vehicle collision,Unknown
2.0,14:45:00,Thursday,Asphalt roads,Daylight,Normal,Vehicle with vehicle collision,Residential areas
1.0,Unknown,Unknown,Asphalt roads,Daylight,Normal,Vehicle with vehicle collision,Unknown
2.0,11:00:00,Wednesday,Asphalt roads,Daylight,Normal,Vehicle with vehicle collision,Office areas
2.0,Unknown,Unknown,Asphalt roads,Daylight,Normal,Vehicle with vehicle collision,Unknown
2.0,7:10:00,Friday,Asphalt roads,Daylight,Normal,Vehicle with vehicle collision,Other
2.0,Unknown,Unknown,Asphalt roads,Daylight,Normal,Vehicle with vehicle collision,Unknown
2.0,16:55:00,Thursday,Asphalt roads,Daylight,Normal,Vehicle with vehicle collision,Residential areas
2.0,Unknown,Unknown,Asphalt roads,Darkness - lights lit,Normal,Vehicle with vehicle collision,Unknown
2.0,2:45:00,Thursday,Asphalt roads,Darkness - lights lit,Normal,Vehicle with vehicle collision,Other
2.0,Unknown,Unknown,Asphalt roads,Daylight,Normal,Collision with roadside objects,Unknown
2.0,19:47:00,Sunday,Asphalt roads,Daylight,Normal,Collision with roadside objects,Office areas
1.0,Unknown,Unknown,Asphalt roads,Darkness - lights lit,Normal,Vehicle with vehicle collision,Unknown
2.0,23:54:00,Saturday,Asphalt roads,Darkness - lights lit,Normal,Vehicle with vehicle collision,Other
2.0,Unknown,Unknown,Asphalt roads,Darkness - lights lit,Normal,Vehicle with vehicle collision,Unknown
2.0,16:55:00,Friday,Asphalt roads,Darkness - lights lit,Normal,Vehicle with vehicle collision,Office areas
2.0,Unknown,Unknown,Asphalt roads,Darkness - lights lit,Normal,Vehicle with vehicle collision,Unknown
2.0,18:35:00,Sunday,Asphalt roads,Darkness - lights lit,Normal,Vehicle with vehicle collision,Office areas
2.0,Unknown,Unknown,Asphalt roads,Darkness - lights lit,Normal,Vehicle with vehicle collision,Unknown
2.0,0:15:00,Sunday,Asphalt roads,Darkness - lights lit,Normal,Vehicle with vehicle collision, Industrial areas
2.0,Unknown,Unknown,Asphalt roads,Daylight,Normal,Vehicle with vehicle collision,Unknown
2.0,18:30:00,Wednesday,Asphalt roads,Daylight,Normal,Vehicle with vehicle collision,Office areas
2.0,Unknown,Unknown,Asphalt roads,Daylight,Normal,Vehicle with vehicle collision,Unknown
2.0,13:50:00,Wednesday,Asphalt roads,Daylight,Normal,Vehicle with vehicle collision,  Recreational areas
2.0,Unknown,Unknown,Asphalt roads,Daylight,Normal,Vehicle with vehicle collision,Unknown
2.0,15:30:00,Saturday,Asphalt roads,Daylight,Normal,Vehicle with vehicle collision,Other
2.0,Unknown,Unknown,Earth roads,Daylight,Normal,Vehicle with vehicle collision,Unknown
2.0,12:00:00,Tuesday,Earth roads,Daylight,Normal,Vehicle with vehicle collision,Residential areas
2.0,Unknown,Unknown,Asphalt roads,Darkness - lights lit,Normal,Vehicle with vehicle collision,Unknown
0.0,Unknown,Unknown,Asphalt roads,Darkness - lights lit,Normal,Vehicle with vehicle collision,Unknown
2.0,23:51:00,Friday,Asphalt roads,Darkness - lights lit,Normal,Vehicle with vehicle collision,Residential areas
2.0,Unknown,Unknown,Asphalt roads,Daylight,Normal,Vehicle with vehicle collision,Unknown
2.0,17:10:00,Tuesday,Asphalt roads,Daylight,Normal,Vehicle with vehicle collision,Office areas
2.0,2:12:00,Sunday,Asphalt roads,Darkness - lights lit,Normal,Vehicle with vehicle collision,Office areas
1.0,Unknown,Unknown,Other,Daylight,Normal,Vehicle with vehicle collision,Unknown
2.0,15:30:00,Friday,Other,Daylight,Normal,Vehicle with vehicle collision, Church areas
1.0,Unknown,Unknown,Asphalt roads,Daylight,Normal,Collision with roadside objects,Unknown
2.0,13:50:00,Wednesday,Asphalt roads,Daylight,Normal,Collision with roadside objects,Other
2.0,Unknown,Unknown,Asphalt roads,Daylight,Normal,Vehicle with vehicle collision,Unknown
2.0,16:42:00,Wednesday,Asphalt roads,Daylight,Normal,Vehicle with vehicle collision,  Market areas
2.0,Unknown,Unknown,Asphalt roads,Daylight,Normal,Vehicle with vehicle collision,Unknown
2.0,15:00:00,Sunday,Asphalt roads,Daylight,Normal,Vehicle with vehicle collision,Residential areas
2.0,Unknown,Unknown,Asphalt roads,Darkness - lights lit,Normal,Vehicle with vehicle collision,Unknown
2.0,17:15:00,Tuesday,Asphalt roads,Darkness - lights lit,Normal,Vehicle with vehicle collision,Other
1.0,Unknown,Unknown,Asphalt roads,Darkness - lights lit,Normal,Vehicle with vehicle collision,Unknown
2.0,17:17:00,Wednesday,Asphalt roads,Darkness - lights lit,Normal,Vehicle with vehicle collision,Residential areas
2.0,Unknown,Unknown,Asphalt roads,Daylight,Normal,Vehicle with vehicle collision,Unknown
2.0,14:04:00,Wednesday,Asphalt roads,Daylight,Normal,Vehicle with vehicle collision, Outside rural areas
2.0,Unknown,Unknown,Asphalt roads,Darkness - lights lit,Normal,Collision with roadside objects,Unknown
2.0,20:12:00,Friday,Asphalt roads,Darkness - lights lit,Normal,Collision with roadside objects,Office areas
2.0,Unknown,Unknown,Asphalt roads,Daylight,Normal,Vehicle with vehicle collision,Unknown
2.0,12:35:00,Saturday,Asphalt roads,Daylight,Normal,Vehicle with vehicle collision,Other
2.0,Unknown,Unknown,Asphalt roads,Daylight,Normal,Collision with animals,Unknown
2.0,18:46:00,Saturday,Asphalt roads,Daylight,Normal,Collision with animals,Office areas
2.0,Unknown,Unknown,Asphalt roads,Daylight,Normal,Collision with animals,Unknown
2.0,10:20:00,Tuesday,Asphalt roads,Daylight,Normal,Collision with animals,Office areas
2.0,Unknown,Unknown,Asphalt roads,Daylight,Normal,Collision with animals,Unknown
2.0,12:38:00,Thursday,Asphalt roads,Daylight,Normal,Collision with animals,Office areas
1.0,Unknown,Unknown,Asphalt roads,Daylight,Normal,Collision with pedestrians,Unknown
2.0,22:05:00,Tuesday,Asphalt roads,Daylight,Normal,Collision with pedestrians,Office areas
2.0,Unknown,Unknown,Asphalt roads,Daylight,Normal,Collision with pedestrians,Unknown
2.0,10:10:00,Saturday,Asphalt roads,Daylight,Normal,Collision with pedestrians,Other
2.0,Unknown,Unknown,Asphalt roads,Darkness - lights lit,Normal,Collision with roadside objects,Unknown
2.0,22:49:00,Wednesday,Asphalt roads,Darkness - lights lit,Normal,Collision with roadside objects,Office areas
0.0,Unknown,Unknown,Asphalt roads,Darkness - lights lit,Normal,Collision with roadside objects,Unknown
2.0,21:12:00,Wednesday,Asphalt roads,Darkness - lights lit,Normal,Collision with roadside objects,Office areas
2.0,Unknown,Unknown,Asphalt roads,Daylight,Normal,Collision with roadside objects,Unknown
2.0,9:25:00,Tuesday,Asphalt roads,Daylight,Normal,Collision with roadside objects,Office areas
2.0,Unknown,Unknown,Asphalt roads,Darkness - lights lit,Normal,Rollover,Unknown
2.0,22:55:00,Saturday,Asphalt roads,Darkness - lights lit,Normal,Rollover,Office areas
2.0,Unknown,Unknown,Asphalt roads,Daylight,Normal,Rollover,Unknown
2.0,18:15:00,Tuesday,Asphalt roads,Daylight,Normal,Rollover,Office areas
2.0,Unknown,Unknown,Asphalt roads,Darkness - lights lit,Normal,Vehicle with vehicle collision,Unknown
2.0,19:15:00,Sunday,Asphalt roads,Darkness - lights lit,Normal,Vehicle with vehicle collision,Office areas
2.0,Unknown,Unknown,Asphalt roads,Darkness - lights lit,Normal,Vehicle with vehicle collision,Unknown
2.0,1:40:00,Monday,Asphalt roads,Darkness - lights lit,Normal,Vehicle with vehicle collision, Church areas
2.0,Unknown,Unknown,Asphalt roads,Darkness - lights lit,Normal,Vehicle with vehicle collision,Unknown
2.0,17:53:00,Wednesday,Asphalt roads,Darkness - lights lit,Normal,Vehicle with vehicle collision,School areas
2.0,Unknown,Unknown,Asphalt roads,Darkness - lights lit,Normal,Vehicle with vehicle collision,Unknown
2.0,22:55:00,Saturday,Asphalt roads,Darkness - lights lit,Normal,Vehicle with vehicle collision,Office areas
1.0,Unknown,Unknown,Asphalt roads,Darkness - lights lit,Normal,Vehicle with vehicle collision,Unknown
2.0,23:21:00,Tuesday,Asphalt roads,Darkness - lights lit,Normal,Vehicle with vehicle collision,Residential areas
2.0,Unknown,Unknown,Asphalt roads,Darkness - lights lit,Normal,Vehicle with vehicle collision,Unknown
2.0,2:12:00,Sunday,Asphalt roads,Darkness - lights lit,Normal,Vehicle with vehicle collision,Other
2.0,Unknown,Unknown,Asphalt roads,Daylight,Normal,Vehicle with vehicle collision,Unknown
2.0,8:40:00,Monday,Asphalt roads,Daylight,Normal,Vehicle with vehicle collision,Residential areas
1.0,Unknown,Unknown,Asphalt roads,Daylight,Normal,Vehicle with vehicle collision,Unknown
2.0,14:00:00,Saturday,Asphalt roads,Daylight,Normal,Vehicle with vehicle collision,Residential areas
2.0,Unknown,Unknown,Asphalt roads,Daylight,Normal,Vehicle with vehicle collision,Unknown
2.0,8:48:00,Tuesday,Asphalt roads,Daylight,Normal,Vehicle with vehicle collision,Office areas
2.0,Unknown,Unknown,Asphalt roads,Daylight,Normal,Vehicle with vehicle collision,Unknown
2.0,16:25:00,Monday,Asphalt roads,Daylight,Normal,Vehicle with vehicle collision,Other
2.0,Unknown,Unknown,Asphalt roads,Daylight,Normal,Vehicle with vehicle collision,Unknown
2.0,13:37:00,Friday,Asphalt roads,Daylight,Normal,Vehicle with vehicle collision,Other
2.0,Unknown,Unknown,Asphalt roads,Daylight,Normal,Vehicle with vehicle collision,Unknown
2.0,8:40:00,Thursday,Asphalt roads,Daylight,Normal,Vehicle with vehicle collision,Office areas
2.0,Unknown,Unknown,Asphalt roads,Daylight,Normal,Vehicle with vehicle collision,Unknown
2.0,6:45:00,Tuesday,Asphalt roads,Daylight,Normal,Vehicle with vehicle collision, Industrial areas
2.0,Unknown,Unknown,Asphalt roads,Daylight,Normal,Vehicle with vehicle collision,Unknown
2.0,12:30:00,Sunday,Asphalt roads,Daylight,Normal,Vehicle with vehicle collision,Residential areas
2.0,Unknown,Unknown,Asphalt roads,Daylight,Normal,Vehicle with vehicle collision,Unknown
2.0,18:00:00,Tuesday,Asphalt roads,Daylight,Normal,Vehicle with vehicle collision,Office areas
2.0,Unknown,Unknown,Asphalt roads,Daylight,Normal,Vehicle with vehicle collision,Unknown
2.0,6:00:00,Sunday,Asphalt roads,Daylight,Normal,Vehicle with vehicle collision,School areas
2.0,Unknown,Unknown,Asphalt roads,Daylight,Normal,Vehicle with vehicle collision,Unknown
2.0,9:30:00,Thursday,Asphalt roads,Daylight,Normal,Vehicle with vehicle collision,Other
1.0,Unknown,Unknown,Asphalt roads,Daylight,Normal,Vehicle with vehicle collision,Unknown
2.0,17:13:00,Friday,Asphalt roads,Daylight,Normal,Vehicle with vehicle collision,Other
2.0,Unknown,Unknown,Earth roads,Daylight,Normal,Collision with roadside objects,Unknown
2.0,9:20:00,Tuesday,Earth roads,Daylight,Normal,Collision with roadside objects, Church areas
2.0,Unknown,Unknown,Other,Darkness - lights lit,Normal,Vehicle with vehicle collision,Unknown
2.0,23:05:00,Friday,Other,Darkness - lights lit,Normal,Vehicle with vehicle collision,Residential areas
2.0,Unknown,Unknown,Other,Daylight,Normal,Vehicle with vehicle collision,Unknown
2.0,8:20:00,Friday,Other,Daylight,Normal,Vehicle with vehicle collision,Office areas
2.0,Unknown,Unknown,Asphalt roads,Daylight,Normal,Collision with pedestrians,Unknown
2.0,10:45:00,Sunday,Asphalt roads,Daylight,Normal,Collision with pedestrians,Residential areas
2.0,Unknown,Unknown,Asphalt roads,Daylight,Normal,Collision with pedestrians,Unknown
2.0,10:50:00,Saturday,Asphalt roads,Daylight,Normal,Collision with pedestrians,  Recreational areas
2.0,Unknown,Unknown,Asphalt roads,Daylight,Normal,Collision with pedestrians,Unknown
2.0,20:25:00,Saturday,Asphalt roads,Daylight,Normal,Collision with pedestrians,Office areas
2.0,Unknown,Unknown,Asphalt roads,Daylight,Normal,Collision with pedestrians,Unknown
2.0,13:00:00,Tuesday,Asphalt roads,Daylight,Normal,Collision with pedestrians,Other
2.0,Unknown,Unknown,Asphalt roads,Darkness - lights lit,Normal,Collision with roadside objects,Unknown
2.0,22:23:00,Saturday,Asphalt roads,Darkness - lights lit,Normal,Collision with roadside objects,Office areas
2.0,Unknown,Unknown,Asphalt roads,Darkness - lights lit,Normal,Collision with roadside objects,Unknown
2.0,0:11:00,Sunday,Asphalt roads,Darkness - lights lit,Normal,Collision with roadside objects,Residential areas
1.0,Unknown,Unknown,Asphalt roads,Darkness - lights lit,Normal,Collision with roadside objects,Unknown
2.0,17:09:00,Wednesday,Asphalt roads,Darkness - lights lit,Normal,Collision with roadside objects,Other
2.0,Unknown,Unknown,Asphalt roads,Darkness - lights lit,Normal,Collision with roadside objects,Unknown
2.0,0:25:00,Saturday,Asphalt roads,Darkness - lights lit,Normal,Collision with roadside objects,Office areas
2.0,Unknown,Unknown,Asphalt roads,Daylight,Normal,Collision with roadside objects,Unknown
2.0,8:25:00,Thursday,Asphalt roads,Daylight,Normal,Collision with roadside objects,Other
1.0,Unknown,Unknown,Asphalt roads,Daylight,Normal,Rollover,Unknown
2.0,13:57:00,Wednesday,Asphalt roads,Daylight,Normal,Rollover,Other
2.0,Unknown,Unknown,Asphalt roads,Darkness - lights lit,Normal,Unknown,Unknown
2.0,Unknown,Unknown,Asphalt roads,Darkness - lights lit,Normal,Vehicle with vehicle collision,Unknown
2.0,22:00:00,Saturday,Asphalt roads,Darkness - lights lit,Normal,Vehicle with vehicle collision, Church areas
2.0,Unknown,Unknown,Asphalt roads,Darkness - lights lit,Normal,Vehicle with vehicle collision,Unknown
2.0,20:40:00,Friday,Asphalt roads,Darkness - lights lit,Normal,Vehicle with vehicle collision,Other
2.0,Unknown,Unknown,Asphalt roads,Darkness - lights lit,Normal,Vehicle with vehicle collision,Unknown
2.0,23:07:00,Thursday,Asphalt roads,Darkness - lights lit,Normal,Vehicle with vehicle collision,Office areas
2.0,Unknown,Unknown,Asphalt roads,Darkness - lights lit,Normal,Vehicle with vehicle collision,Unknown
2.0,2:49:00,Sunday,Asphalt roads,Darkness - lights lit,Normal,Vehicle with vehicle collision,Office areas
1.0,Unknown,Unknown,Asphalt roads,Darkness - lights lit,Normal,Vehicle with vehicle collision,Unknown
2.0,1:12:00,Sunday,Asphalt roads,Darkness - lights lit,Normal,Vehicle with vehicle collision,Other
0.0,Unknown,Unknown,Asphalt roads,Daylight,Normal,Vehicle with vehicle collision,Unknown
2.0,18:00:00,Saturday,Asphalt roads,Daylight,Normal,Vehicle with vehicle collision,Office areas
2.0,Unknown,Unknown,Asphalt roads,Daylight,Normal,Vehicle with vehicle collision,Unknown
2.0,9:25:00,Tuesday,Asphalt roads,Daylight,Normal,Vehicle with vehicle collision, Hospital areas
2.0,Unknown,Unknown,Asphalt roads,Daylight,Normal,Vehicle with vehicle collision,Unknown
2.0,7:30:00,Thursday,Asphalt roads,Daylight,Normal,Vehicle with vehicle collision, Industrial areas
2.0,Unknown,Unknown,Asphalt roads,Daylight,Normal,Vehicle with vehicle collision,Unknown
2.0,9:15:00,Wednesday,Asphalt roads,Daylight,Normal,Vehicle with vehicle collision,Other
2.0,Unknown,Unknown,Asphalt roads,Daylight,Normal,Vehicle with vehicle collision,Unknown
2.0,12:00:00,Thursday,Asphalt roads,Daylight,Normal,Vehicle with vehicle collision,Other
2.0,Unknown,Unknown,Asphalt roads,Daylight,Normal,Vehicle with vehicle collision,Unknown
2.0,17:00:00,Tuesday,Asphalt roads,Daylight,Normal,Vehicle with vehicle collision, Church areas
2.0,Unknown,Unknown,Asphalt roads,Daylight,Normal,Vehicle with vehicle collision,Unknown
2.0,14:06:00,Wednesday,Asphalt roads,Daylight,Normal,Vehicle with vehicle collision,Other
2.0,Unknown,Unknown,Asphalt roads,Daylight,Normal,Vehicle with vehicle collision,Unknown
2.0,17:00:00,Saturday,Asphalt roads,Daylight,Normal,Vehicle with vehicle collision,  Recreational areas
2.0,Unknown,Unknown,Asphalt roads,Daylight,Normal,Vehicle with vehicle collision,Unknown
2.0,17:15:00,Saturday,Asphalt roads,Daylight,Normal,Vehicle with vehicle collision, Church areas
2.0,Unknown,Unknown,Asphalt roads,Daylight,Normal,Vehicle with vehicle collision,Unknown
2.0,12:30:00,Sunday,Asphalt roads,Daylight,Normal,Vehicle with vehicle collision,Office areas
2.0,2:00:00,Saturday,Asphalt roads,Darkness - lights lit,Normal,,Other
2.0,Unknown,Unknown,Earth roads,Daylight,Normal,Vehicle with vehicle collision,Unknown
2.0,18:25:00,Monday,Earth roads,Daylight,Normal,Vehicle with vehicle collision,Office areas
2.0,Unknown,Unknown,Earth roads,Daylight,Normal,Vehicle with vehicle collision,Unknown
2.0,16:00:00,Tuesday,Earth roads,Daylight,Normal,Vehicle with vehicle collision,Other
2.0,Unknown,Unknown,Gravel roads,Daylight,Normal,Vehicle with vehicle collision,Unknown
2.0,15:50:00,Saturday,Gravel roads,Daylight,Normal,Vehicle with vehicle collision, Hospital areas
2.0,Unknown,Unknown,Asphalt roads,Darkness - lights lit,Normal,Collision with animals,Unknown
2.0,22:54:00,Saturday,Asphalt roads,Darkness - lights lit,Normal,Collision with animals,Office areas
2.0,Unknown,Unknown,Asphalt roads,Darkness - lights lit,Normal,Collision with pedestrians,Unknown
2.0,22:15:00,Friday,Asphalt roads,Darkness - lights lit,Normal,Collision with pedestrians, Church areas
2.0,Unknown,Unknown,Asphalt roads,Daylight,Normal,Collision with pedestrians,Unknown
2.0,11:15:00,Monday,Asphalt roads,Daylight,Normal,Collision with pedestrians,Other
2.0,Unknown,Unknown,Asphalt roads,Daylight,Normal,Collision with pedestrians,Unknown
2.0,19:50:00,Friday,Asphalt roads,Daylight,Normal,Collision with pedestrians, Outside rural areas
2.0,Unknown,Unknown,Asphalt roads,Daylight,Normal,Collision with pedestrians,Unknown
2.0,11:20:00,Friday,Asphalt roads,Daylight,Normal,Collision with pedestrians, Outside rural areas
1.0,Unknown,Unknown,Asphalt roads,Daylight,Normal,Collision with pedestrians,Unknown
2.0,18:40:00,Friday,Asphalt roads,Daylight,Normal,Collision with pedestrians,Office areas
2.0,Unknown,Unknown,Asphalt roads,Daylight,Normal,Collision with pedestrians,Unknown
2.0,17:45:00,Tuesday,Asphalt roads,Daylight,Normal,Collision with pedestrians,Other
1.0,Unknown,Unknown,Asphalt roads,Daylight,Normal,Collision with pedestrians,Unknown
2.0,12:30:00,Sunday,Asphalt roads,Daylight,Normal,Collision with pedestrians,Residential areas
2.0,Unknown,Unknown,Asphalt roads,Darkness - lights lit,Normal,Collision with roadside objects,Unknown
2.0,17:40:00,Wednesday,Asphalt roads,Darkness - lights lit,Normal,Collision with roadside objects,Office areas
1.0,Unknown,Unknown,Asphalt roads,Darkness - lights lit,Normal,Collision with roadside objects,Unknown
2.0,6:00:00,Sunday,Asphalt roads,Darkness - lights lit,Normal,Collision with roadside objects,Other
2.0,Unknown,Unknown,Asphalt roads,Darkness - lights lit,Normal,Collision with roadside objects,Unknown
2.0,20:50:00,Monday,Asphalt roads,Darkness - lights lit,Normal,Collision with roadside objects, Church areas
2.0,Unknown,Unknown,Asphalt roads,Darkness - lights lit,Normal,Collision with roadside objects,Unknown
2.0,22:17:00,Saturday,Asphalt roads,Darkness - lights lit,Normal,Collision with roadside objects,Other
2.0,Unknown,Unknown,Asphalt roads,Darkness - lights lit,Normal,Collision with roadside objects,Unknown
2.0,18:55:00,Monday,Asphalt roads,Darkness - lights lit,Normal,Collision with roadside objects,Office areas
2.0,Unknown,Unknown,Asphalt roads,Daylight,Normal,Collision with roadside objects,Unknown
2.0,19:20:00,Sunday,Asphalt roads,Daylight,Normal,Collision with roadside objects,Office areas