accident_severity,time,day_of_week,road_surface_type,light_conditions,weather_conditions,type_of_collision,area_accident_occured
2.0,11:56:00,Sunday,Asphalt roads,Daylight,Normal,Vehicle with vehicle collision,Other
2.0,Unknown,Unknown,Asphalt roads,Daylight,Normal,Vehicle with vehicle collision,Unknown
2.0,9:09:00,Sunday,Asphalt roads,Daylight,Normal,Vehicle with vehicle collision,Office areas
2.0,Unknown,Unknown,Asphalt roads,Daylight,Normal,Vehicle with vehicle collision,Unknown
2.0,15:10:00,Friday,Asphalt roads,Daylight,Normal,Vehicle with vehicle collision,Residential areas
2.0,Unknown,Unknown,Asphalt roads,Daylight,Normal,Vehicle with vehicle collision,Unknown
2.0,7:05:00,Wednesday,Asphalt roads,Daylight,Normal,Vehicle with vehicle collision,Other
2.0,Unknown,Unknown,Asphalt roads,Daylight,Normal,Vehicle with vehicle collision,Unknown
2.0,8:59:00,Monday,Asphalt roads,Daylight,Normal,Vehicle with vehicle collision,Other
2.0,Unknown,Unknown,Asphalt roads,Daylight,Normal,Collision with roadside objects,Unknown
2.0,Unknown,Unknown,Asphalt roads,Daylight,Normal,Collision with pedestrians,Unknown
2.0,9:55:00,Monday,Asphalt roads,Daylight,Normal,Collision with pedestrians,Office areas
2.0,Unknown,Unknown,Asphalt roads,Daylight,Normal,Vehicle with vehicle collision,Unknown
2.0,16:46:00,Thursday,Asphalt roads,Daylight,Normal,Vehicle with vehicle collision, Church areas
2.0,Unknown,Unknown,Asphalt roads,Daylight,Normal,Vehicle with vehicle collision,Unknown
2.0,16:10:00,Monday,Asphalt roads,Daylight,Normal,Vehicle with vehicle collision,Other
1.0,Unknown,Unknown,Asphalt roads,Daylight,Normal,Vehicle with vehicle collision,Unknown
2.0,16:56:00,Wednesday,Asphalt roads,Daylight,Normal,Vehicle with vehicle collision,Other
2.0,Unknown,Unknown,Asphalt roads,Daylight,Normal,Vehicle with vehicle collision,Unknown
2.0,12:15:00,Saturday,Asphalt roads,Daylight,Normal,Vehicle with vehicle collision,Residential areas
2.0,Unknown,Unknown,Asphalt roads,Daylight,Normal,Vehicle with vehicle collision,Unknown
2.0,15:29:00,Wednesday,Asphalt roads,Daylight,Normal,Vehicle with vehicle collision,  Recreational areas
1.0,Unknown,Unknown,Asphalt roads,Daylight,Normal,Vehicle with vehicle collision,Unknown
2.0,10:50:00,Tuesday,Asphalt roads,Daylight,Normal,Vehicle with vehicle collision,Residential areas
2.0,8:48:00,Friday,Asphalt roads,Daylight,Normal,Collision with roadside objects,Unknown
1.0,Unknown,Unknown,Asphalt roads,Daylight,Normal,Vehicle with vehicle collision,Unknown
2.0,11:30:00,Tuesday,Asphalt roads,Daylight,Normal,Vehicle with vehicle collision,Other
2.0,Unknown,Unknown,Asphalt roads,Daylight,Normal,Vehicle with vehicle collision,Unknown
2.0,10:49:00,Wednesday,Asphalt roads,Daylight,Normal,Vehicle with vehicle collision,Other
2.0,Unknown,Unknown,Asphalt roads,Daylight,Normal,Collision with pedestrians,Unknown
2.0,11:05:00,Sunday,Asphalt roads,Daylight,Normal,Collision with pedestrians, Industrial areas
1.0,Unknown,Unknown,Asphalt roads,Daylight,Normal,Collision with roadside objects,Unknown
2.0,18:55:00,Sunday,Asphalt roads,Daylight,Normal,Collision with roadside objects,Other
2.0,Unknown,Unknown,Asphalt roads,Daylight,Normal,Collision with roadside objects,Unknown
2.0,16:05:00,Saturday,Asphalt roads,Daylight,Normal,Collision with roadside objects,Other
2.0,Unknown,Unknown,Asphalt roads,Darkness - lights lit,Normal,Vehicle with vehicle collision,Unknown
2.0,19:52:00,Sunday,Asphalt roads,Darkness - lights lit,Normal,Vehicle with vehicle collision,Other
2.0,Unknown,Unknown,Asphalt roads,Daylight,Normal,Vehicle with vehicle collision,Unknown
2.0,16:13:00,Wednesday,Asphalt roads,Daylight,Normal,Vehicle with vehicle collision,Other
2.0,Unknown,Unknown,Asphalt roads,Daylight,Normal,Vehicle with vehicle collision,Unknown
2.0,10:00:00,Thursday,Asphalt roads,Daylight,Normal,Vehicle with vehicle collision,Other
2.0,Unknown,Unknown,Asphalt roads,Daylight,Normal,Vehicle with vehicle collision,Unknown
2.0,13:10:00,Sunday,Asphalt roads,Daylight,Normal,Vehicle with vehicle collision,Other
1.0,Unknown,Unknown,Asphalt roads,Daylight,Normal,Vehicle with vehicle collision,Unknown
2.0,16:00:00,Friday,Asphalt roads,Daylight,Normal,Vehicle with vehicle collision,Office areas
2.0,Unknown,Unknown,Asphalt roads,Daylight,Normal,Vehicle with vehicle collision,Unknown
2.0,19:00:00,Tuesday,Asphalt roads,Daylight,Normal,Vehicle with vehicle collision,Other
2.0,Unknown,Unknown,Asphalt roads with some distress,Daylight,Normal,Collision with roadside objects,Unknown
2.0,12:25:00,Thursday,Asphalt roads with some distress,Daylight,Normal,Collision with roadside objects,Residential areas
2.0,Unknown,Unknown,Asphalt roads,Daylight,Normal,Collision with roadside objects,Unknown
2.0,14:59:00,Wednesday,Asphalt roads,Daylight,Normal,Collision with roadside objects, Hospital areas
2.0,Unknown,Unknown,Asphalt roads,Darkness - lights lit,Normal,Vehicle with vehicle collision,Unknown
2.0,0:17:00,Sunday,Asphalt roads,Darkness - lights lit,Normal,Vehicle with vehicle collision,Residential areas
2.0,Unknown,Unknown,Asphalt roads,Daylight,Normal,Vehicle with vehicle collision,Unknown
2.0,5:05:00,Wednesday,Asphalt roads,Daylight,Normal,Vehicle with vehicle collision,Other
2.0,Unknown,Unknown,Asphalt roads,Daylight,Normal,Vehicle with vehicle collision,Unknown
2.0,18:50:00,Wednesday,Asphalt roads,Daylight,Normal,Vehicle with vehicle collision,Residential areas
2.0,Unknown,Unknown,Asphalt roads,Daylight,Normal,Vehicle with vehicle collision,Unknown
2.0,10:16:00,Thursday,Asphalt roads,Daylight,Normal,Vehicle with vehicle collision,Office areas
2.0,Unknown,Unknown,Asphalt roads,Darkness - lights lit,Normal,Collision with roadside objects,Unknown
2.0,21:30:00,Monday,Asphalt roads,Darkness - lights lit,Normal,Collision with roadside objects,Office areas
2.0,Unknown,Unknown,Asphalt roads,Daylight,Normal,Collision with roadside objects,Unknown
2.0,12:44:00,Tuesday,Asphalt roads,Daylight,Normal,Collision with roadside objects,Other
2.0,Unknown,Unknown,Asphalt roads,Daylight,Normal,Vehicle with vehicle collision,Unknown
2.0,18:30:00,Wednesday,Asphalt roads,Daylight,Normal,Vehicle with vehicle collision,Residential areas
2.0,Unknown,Unknown,Asphalt roads,Daylight,Normal,Collision with roadside objects,Unknown
2.0,18:00:00,Thursday,Asphalt roads,Daylight,Normal,Collision with roadside objects,Residential areas
2.0,Unknown,Unknown,Asphalt roads,Daylight,Normal,Vehicle with vehicle collision,Unknown
2.0,15:20:00,Saturday,Asphalt roads,Daylight,Normal,Vehicle with vehicle collision,Other
2.0,Unknown,Unknown,Other,Darkness - lights lit,Normal,Collision with roadside objects,Unknown
2.0,21:08:00,Saturday,Other,Darkness - lights lit,Normal,Collision with roadside objects,Residential areas
2.0,Unknown,Unknown,Asphalt roads,Daylight,Normal,Vehicle with vehicle collision,Unknown
2.0,19:45:00,Thursday,Asphalt roads,Daylight,Normal,Vehicle with vehicle collision,Residential areas
2.0,Unknown,Unknown,Asphalt roads,Daylight,Normal,Vehicle with vehicle collision,Unknown
2.0,11:35:00,Wednesday,Asphalt roads,Daylight,Normal,Vehicle with vehicle collision, Church areas
2.0,Unknown,Unknown,Asphalt roads,Daylight,Normal,Collision with pedestrians,Unknown
2.0,12:20:00,Monday,Asphalt roads,Daylight,Normal,Collision with pedestrians, Church areas
2.0,Unknown,Unknown,Asphalt roads,Darkness - lights lit,Normal,Collision with roadside objects,Unknown
2.0,2:17:00,Friday,Asphalt roads,Darkness - lights lit,Normal,Collision with roadside objects,Residential areas
2.0,Unknown,Unknown,Asphalt roads,Daylight,Normal,Collision with roadside objects,Unknown
2.0,18:00:00,Friday,Asphalt roads,Daylight,Normal,Collision with roadside objects,Office areas
1.0,Unknown,Unknown,Asphalt roads,Daylight,Normal,Collision with roadside objects,Unknown
2.0,14:40:00,Saturday,Asphalt roads,Daylight,Normal,Collision with roadside objects,Office areas
2.0,Unknown,Unknown,Asphalt roads,Daylight,Normal,Fall from vehicles,Unknown
2.0,11:33:00,Sunday,Asphalt roads,Daylight,Normal,Fall from vehicles,Residential areas
2.0,Unknown,Unknown,Asphalt roads,Darkness - lights lit,Normal,Vehicle with vehicle collision,Unknown
2.0,4:45:00,Saturday,Asphalt roads,Darkness - lights lit,Normal,Vehicle with vehicle collision,Other
2.0,Unknown,Unknown,Asphalt roads,Darkness - lights lit,Normal,Vehicle with vehicle collision,Unknown
2.0,22:30:00,Saturday,Asphalt roads,Darkness - lights lit,Normal,Vehicle with vehicle collision,Other
2.0,Unknown,Unknown,Asphalt roads,Daylight,Normal,Vehicle with vehicle collision,Unknown
2.0,18:45:00,Friday,Asphalt roads,Daylight,Normal,Vehicle with vehicle collision, Church areas
1.0,Unknown,Unknown,Asphalt roads,Daylight,Normal,Vehicle with vehicle collision,Unknown
2.0,20:00:00,Friday,Asphalt roads,Daylight,Normal,Vehicle with vehicle collision,School areas
2.0,Unknown,Unknown,Asphalt roads,Daylight,Normal,Vehicle with vehicle collision,Unknown
2.0,8:45:00,Monday,Asphalt roads,Daylight,Normal,Vehicle with vehicle collision,Other
2.0,Unknown,Unknown,Asphalt roads,Daylight,Normal,Vehicle with vehicle collision,Unknown
2.0,10:43:00,Saturday,Asphalt roads,Daylight,Normal,Vehicle with vehicle collision,Office areas
2.0,Unknown,Unknown,Asphalt roads,Daylight,Normal,Vehicle with vehicle collision,Unknown
2.0,16:45:00,Monday,Asphalt roads,Daylight,Normal,Vehicle with vehicle collision, Outside rural areas
2.0,Unknown,Unknown,Asphalt roads,Daylight,Normal,Vehicle with vehicle collision,Unknown
2.0,14:00:00,Saturday,Asphalt roads,Daylight,Normal,Vehicle with vehicle collision,Other
2.0,Unknown,Unknown,Asphalt roads,Daylight,Normal,Vehicle with vehicle collision,Unknown
2.0,17:30:00,Wednesday,Asphalt roads,Daylight,Normal,Vehicle with vehicle collision,Other
2.0,Unknown,Unknown,Asphalt roads,Darkness - lights lit,Normal,Vehicle with vehicle collision,Unknown
2.0,9:25:00,Tuesday,Asphalt roads,Darkness - lights lit,Normal,Vehicle with vehicle collision,Residential areas
2.0,Unknown,Unknown,Asphalt roads,Darkness - lights lit,Normal,Vehicle with vehicle collision,Unknown
2.0,2:25:00,Thursday,Asphalt roads,Darkness - lights lit,Normal,Vehicle with vehicle collision,Other
2.0,Unknown,Unknown,Asphalt roads,Daylight,Normal,Vehicle with vehicle collision,Unknown
2.0,17:30:00,Friday,Asphalt roads,Daylight,Normal,Vehicle with vehicle collision,Office areas
1.0,Unknown,Unknown,Asphalt roads,Daylight,Normal,Vehicle with vehicle collision,Unknown
2.0,12:30:00,Sunday,Asphalt roads,Daylight,Normal,Vehicle with vehicle collision,Residential areas
2.0,Unknown,Unknown,Asphalt roads,Daylight,Normal,Vehicle with vehicle collision,Unknown
2.0,19:50:00,Monday,Asphalt roads,Daylight,Normal,Vehicle with vehicle collision,Residential areas
1.0,Unknown,Unknown,Asphalt roads,Daylight,Normal,Vehicle with vehicle collision,Unknown
2.0,17:35:00,Friday,Asphalt roads,Daylight,Normal,Vehicle with vehicle collision, Industrial areas
1.0,Unknown,Unknown,Asphalt roads,Daylight,Normal,Vehicle with vehicle collision,Unknown
2.0,15:34:00,Monday,Asphalt roads,Daylight,Normal,Vehicle with vehicle collision,Residential areas
2.0,Unknown,Unknown,Asphalt roads,Daylight,Normal,Vehicle with vehicle collision,Unknown
2.0,8:15:00,Monday,Asphalt roads,Daylight,Normal,Vehicle with vehicle collision, Industrial areas
2.0,Unknown,Unknown,Asphalt roads,Darkness - lights lit,Normal,Vehicle with vehicle collision,Unknown
2.0,21:45:00,Saturday,Asphalt roads,Darkness - lights lit,Normal,Vehicle with vehicle collision,Office areas
2.0,Unknown,Unknown,Asphalt roads,Daylight,Normal,Vehicle with vehicle collision,Unknown
2.0,14:10:00,Thursday,Asphalt roads,Daylight,Normal,Vehicle with vehicle collision, Church areas
1.0,Unknown,Unknown,Asphalt roads,Daylight,Normal,Vehicle with vehicle collision,Unknown
2.0,18:10:00,Saturday,Asphalt roads,Daylight,Normal,Vehicle with vehicle collision,Residential areas
1.0,Unknown,Unknown,Asphalt roads,Daylight,Normal,Vehicle with vehicle collision,Unknown
2.0,17:30:00,Friday,Asphalt roads,Daylight,Normal,Vehicle with vehicle collision,Residential areas
2.0,Unknown,Unknown,Asphalt roads,Daylight,Normal,Vehicle with vehicle collision,Unknown
2.0,11:50:00,Wednesday,Asphalt roads,Daylight,Normal,Vehicle with vehicle collision,Other
2.0,Unknown,Unknown,Asphalt roads,Daylight,Normal,Vehicle with vehicle collision,Unknown
2.0,17:50:00,Friday,Asphalt roads,Daylight,Normal,Vehicle with vehicle collision,Rural village areasOffice areas
2.0,Unknown,Unknown,Asphalt roads,Daylight,Normal,Vehicle with vehicle collision,Unknown
2.0,14:16:00,Wednesday,Asphalt roads,Daylight,Normal,Vehicle with vehicle collision,Other
2.0,Unknown,Unknown,Asphalt roads,Daylight,Normal,Vehicle with vehicle collision,Unknown
2.0,11:00:00,Sunday,Asphalt roads,Daylight,Normal,Vehicle with vehicle collision,Office areas
2.0,Unknown,Unknown,Asphalt roads,Darkness - lights lit,Normal,Vehicle with vehicle collision,Unknown
2.0,13:55:00,Sunday,Asphalt roads,Darkness - lights lit,Normal,Vehicle with vehicle collision, Outside rural areas
2.0,Unknown,Unknown,Asphalt roads,Daylight,Normal,Vehicle with vehicle collision,Unknown
2.0,17:50:00,Thursday,Asphalt roads,Daylight,Normal,Vehicle with vehicle collision,Office areas
2.0,Unknown,Unknown,Asphalt roads,Daylight,Normal,Vehicle with vehicle collision,Unknown
2.0,11:58:00,Saturday,Asphalt roads,Daylight,Normal,Vehicle with vehicle collision, Church areas
1.0,Unknown,Unknown,Asphalt roads,Daylight,Normal,Rollover,Unknown
2.0,7:40:00,Monday,Asphalt roads,Daylight,Normal,Rollover,  Recreational areas
2.0,Unknown,Unknown,Asphalt roads,Darkness - lights lit,Normal,Vehicle with vehicle collision,Unknown
2.0,20:46:00,Saturday,Asphalt roads,Darkness - lights lit,Normal,Vehicle with vehicle collision,Office areas
2.0,Unknown,Unknown,Asphalt roads,Darkness - lights lit,Normal,Vehicle with vehicle collision,Unknown
2.0,1:35:00,Sunday,Asphalt roads,Darkness - lights lit,Normal,Vehicle with vehicle collision, Church areas
2.0,Unknown,Unknown,Asphalt roads,Daylight,Normal,Vehicle with vehicle collision,Unknown
2.0,19:30:00,Thursday,Asphalt roads,Daylight,Normal,Vehicle with vehicle collision,Other
1.0,Unknown,Unknown,Asphalt roads,Daylight,Normal,Vehicle with vehicle collision,Unknown
1.0,Unknown,Unknown,Asphalt roads,Daylight,Normal,Vehicle with vehicle collision,Unknown
2.0,7:10:00,Sunday,Asphalt roads,Daylight,Normal,Vehicle with vehicle collision,Office areas
2.0,14:40:00,Saturday,Asphalt roads,Daylight,Normal,Vehicle with vehicle collision,School areas
2.0,Unknown,Unknown,Asphalt roads,Daylight,Normal,Collision with roadside objects,Unknown
2.0,9:06:00,Thursday,Asphalt roads,Daylight,Normal,Collision with roadside objects,Office areas
2.0,Unknown,Unknown,Asphalt roads,Daylight,Normal,Collision with pedestrians,Unknown
2.0,10:47:00,Thursday,Asphalt roads,Daylight,Normal,Collision with pedestrians,Office areas
2.0,Unknown,Unknown,Asphalt roads,Daylight,Normal,Vehicle with vehicle collision,Unknown
2.0,10:40:00,Sunday,Asphalt roads,Daylight,Normal,Vehicle with vehicle collision,Office areas
2.0,Unknown,Unknown,Asphalt roads,Daylight,Normal,Vehicle with vehicle collision,Unknown
2.0,15:56:00,Tuesday,Asphalt roads,Daylight,Normal,Vehicle with vehicle collision,Office areas
2.0,Unknown,Unknown,Asphalt roads,Daylight,Normal,Collision with pedestrians,Unknown
2.0,14:35:00,Friday,Asphalt roads,Daylight,Normal,Collision with pedestrians, Industrial areas
2.0,Unknown,Unknown,Asphalt roads,Daylight,Normal,Unknown,Unknown
1.0,Unknown,Unknown,Asphalt roads,Daylight,Normal,Vehicle with vehicle collision,Unknown
2.0,16:50:00,Thursday,Asphalt roads,Daylight,Normal,Vehicle with vehicle collision,Residential areas
2.0,Unknown,Unknown,Asphalt roads,Daylight,Normal,Vehicle with vehicle collision,Unknown
2.0,9:34:00,Wednesday,Asphalt roads,Daylight,Normal,Vehicle with vehicle collision,Other
2.0,12:15:00,Sunday,Asphalt roads,Daylight,Normal,,Other
2.0,Unknown,Unknown,Asphalt roads,Darkness - lights lit,Normal,Vehicle with vehicle collision,Unknown
2.0,14:57:00,Monday,Asphalt roads,Darkness - lights lit,Normal,Vehicle with vehicle collision,Office areas
2.0,Unknown,Unknown,Asphalt roads,Daylight,Normal,Collision with roadside objects,Unknown
2.0,8:55:00,Thursday,Asphalt roads,Daylight,Normal,Collision with roadside objects,Office areas
2.0,Unknown,Unknown,Asphalt roads,Daylight,Normal,Vehicle with vehicle collision,Unknown
2.0,7:45:00,Thursday,Asphalt roads,Daylight,Normal,Vehicle with vehicle collision,Office areas
2.0,Unknown,Unknown,Asphalt roads,Daylight,Normal,Vehicle with vehicle collision,Unknown
2.0,15:26:00,Tuesday,Asphalt roads,Daylight,Normal,Vehicle with vehicle collision,Other
2.0,Unknown,Unknown,Asphalt roads,Daylight,Normal,Collision with pedestrians,Unknown
2.0,7:58:00,Wednesday,Asphalt roads,Daylight,Normal,Collision with pedestrians,Office areas
2.0,Unknown,Unknown,Asphalt roads,Daylight,Normal,Vehicle with vehicle collision,Unknown
2.0,1:05:00,Friday,Asphalt roads,Daylight,Normal,Vehicle with vehicle collision,Residential areas
2.0,Unknown,Unknown,Asphalt roads,Darkness - lights lit,Normal,Collision with pedestrians,Unknown
2.0,20:37:00,Tuesday,Asphalt roads,Darkness - lights lit,Normal,Collision with pedestrians,  Recreational areas
0.0,Unknown,Unknown,Asphalt roads,Darkness - lights lit,Normal,Vehicle with vehicle collision,Unknown
2.0,18:00:00,Friday,Asphalt roads,Darkness - lights lit,Normal,Vehicle with vehicle collision,Residential areas
2.0,Unknown,Unknown,Asphalt roads,Darkness - lights lit,Normal,Vehicle with vehicle collision,Unknown
2.0,13:57:00,Wednesday,Asphalt roads,Darkness - lights lit,Normal,Vehicle with vehicle collision,Other
2.0,Unknown,Unknown,Asphalt roads,Daylight,Normal,Collision with pedestrians,Unknown
2.0,11:30:00,Tuesday,Asphalt roads,Daylight,Normal,Collision with pedestrians,Office areas
2.0,Unknown,Unknown,Asphalt roads,Daylight,Normal,Vehicle with vehicle collision,Unknown
2.0,8:00:00,Tuesday,Asphalt roads,Daylight,Normal,Vehicle with vehicle collision,Other
2.0,Unknown,Unknown,Asphalt roads,Daylight,Normal,Collision with pedestrians,Unknown
2.0,11:30:00,Tuesday,Asphalt roads,Daylight,Normal,Collision with pedestrians,Residential areas
2.0,Unknown,Unknown,Asphalt roads,Darkness - lights lit,Normal,Collision with roadside objects,Unknown
2.0,21:41:00,Friday,Asphalt roads,Darkness - lights lit,Normal,Collision with roadside objects,Other
2.0,Unknown,Unknown,Asphalt roads,Daylight,Normal,Rollover,Unknown
2.0,19:30:00,Saturday,Asphalt roads,Daylight,Normal,Rollover,Other
2.0,Unknown,Unknown,Asphalt roads,Darkness - lights lit,Normal,Vehicle with vehicle collision,Unknown
2.0,22:15:00,Wednesday,Asphalt roads,Darkness - lights lit,Normal,Vehicle with vehicle collision,Office areas
2.0,Unknown,Unknown,Asphalt roads,Darkness - lights lit,Normal,Vehicle with vehicle collision,Unknown
2.0,21:28:00,Tuesday,Asphalt roads,Darkness - lights lit,Normal,Vehicle with vehicle collision,Office areas
1.0,Unknown,Unknown,Asphalt roads,Daylight,Normal,Vehicle with vehicle collision,Unknown
2.0,13:19:00,Monday,Asphalt roads,Daylight,Normal,Vehicle with vehicle collision,Other
2.0,Unknown,Unknown,Asphalt roads,Daylight,Normal,Collision with pedestrians,Unknown
2.0,19:00:00,Tuesday,Asphalt roads,Daylight,Normal,Collision with pedestrians,Residential areas
2.0,Unknown,Unknown,Asphalt roads,Darkness - lights lit,Normal,Vehicle with vehicle collision,Unknown
2.0,11:30:00,Thursday,Asphalt roads,Darkness - lights lit,Normal,Vehicle with vehicle collision,Residential areas
1.0,Unknown,Unknown,Asphalt roads,Daylight,Normal,Vehicle with vehicle collision,Unknown
2.0,13:40:00,Friday,Asphalt roads,Daylight,Normal,Vehicle with vehicle collision,Office areas
2.0,Unknown,Unknown,Asphalt roads,Darkness - lights lit,Normal,Collision with pedestrians,Unknown
2.0,5:40:00,Tuesday,Asphalt roads,Darkness - lights lit,Normal,Collision with pedestrians, Church areas
1.0,Unknown,Unknown,Asphalt roads,Daylight,Normal,Collision with roadside objects,Unknown
2.0,9:20:00,Thursday,Asphalt roads,Daylight,Normal,Collision with roadside objects,Office areas
1.0,Unknown,Unknown,Asphalt roads,Daylight,Normal,Collision with roadside objects,Unknown
2.0,15:45:00,Thursday,Asphalt roads,Daylight,Normal,Collision with roadside objects,Other
2.0,Unknown,Unknown,Asphalt roads,Darkness - lights lit,Normal,Rollover,Unknown
2.0,17:43:00,Wednesday,Asphalt roads,Darkness - lights lit,Normal,Rollover,Other
1.0,Unknown,Unknown,Asphalt roads,Darkness - lights lit,Normal,Vehicle with vehicle collision,Unknown
2.0,21:00:00,Friday,Asphalt roads,Darkness - lights lit,Normal,Vehicle with vehicle collision,Other
2.0,Unknown,Unknown,Asphalt roads,Darkness - lights lit,Normal,Vehicle with vehicle collision,Unknown
2.0,0:53:00,Sunday,Asphalt roads,Darkness - lights lit,Normal,Vehicle with vehicle collision, Industrial areas
2.0,Unknown,Unknown,Asphalt roads,Darkness - lights lit,Normal,Vehicle with vehicle collision,Unknown
2.0,1:50:00,Sunday,Asphalt roads,Darkness - lights lit,Normal,Vehicle with vehicle collision,  Recreational areas
2.0,Unknown,Unknown,Asphalt roads,Daylight,Normal,Vehicle with vehicle collision,Unknown
2.0,17:32:00,Tuesday,Asphalt roads,Daylight,Normal,Vehicle with vehicle collision,Residential areas
2.0,Unknown,Unknown,Asphalt roads,Daylight,Normal,Vehicle with vehicle collision,Unknown
2.0,8:20:00,Friday,Asphalt roads,Daylight,Normal,Vehicle with vehicle collision,Other
2.0,Unknown,Unknown,Asphalt roads,Daylight,Normal,Vehicle with vehicle collision,Unknown
2.0,11:26:00,Monday,Asphalt roads,Daylight,Normal,Vehicle with vehicle collision,Residential areas
2.0,Unknown,Unknown,Asphalt roads,Daylight,Normal,Vehicle with vehicle collision,Unknown
2.0,16:00:00,Saturday,Asphalt roads,Daylight,Normal,Vehicle with vehicle collision,Office areas
2.0,Unknown,Unknown,Asphalt roads,Daylight,Normal,Vehicle with vehicle collision,Unknown
2.0,13:15:00,Thursday,Asphalt roads,Daylight,Normal,Vehicle with vehicle collision,Residential areas
1.0,Unknown,Unknown,Asphalt roads,Daylight,Normal,Vehicle with vehicle collision,Unknown
2.0,19:16:00,Tuesday,Asphalt roads,Daylight,Normal,Vehicle with vehicle collision,Other
1.0,Unknown,Unknown,Asphalt roads,Daylight,Normal,Vehicle with vehicle collision,Unknown
2.0,19:15:00,Sunday,Asphalt roads,Daylight,Normal,Vehicle with vehicle collision,Residential areas
2.0,Unknown,Unknown,Gravel roads,Daylight,Normal,Collision with roadside objects,Unknown
2.0,18:05:00,Monday,Gravel roads,Daylight,Normal,Collision with roadside objects,Other
2.0,Unknown,Unknown,Gravel roads,Daylight,Normal,Vehicle with vehicle collision,Unknown
2.0,20:11:00,Wednesday,Gravel roads,Daylight,Normal,Vehicle with vehicle collision,Other
1.0,Unknown,Unknown,Other,Daylight,Normal,Collision with roadside objects,Unknown
2.0,16:00:00,Monday,Other,Daylight,Normal,Collision with roadside objects,Other
2.0,Unknown,Unknown,Unknown,Darkness - lights lit,Normal,Rollover,Unknown
2.0,2:49:00,Sunday,,Darkness - lights lit,Normal,Rollover,Other
1.0,Unknown,Unknown,Asphalt roads,Darkness - lights lit,Normal,Vehicle with vehicle collision,Unknown
2.0,3:15:00,Saturday,Asphalt roads,Darkness - lights lit,Normal,Vehicle with vehicle collision, Church areas
2.0,Unknown,Unknown,Asphalt roads,Darkness - lights lit,Normal,Vehicle with vehicle collision,Unknown
2.0,19:30:00,Friday,Asphalt roads,Darkness - lights lit,Normal,Vehicle with vehicle collision,Other
2.0,Unknown,Unknown,Asphalt roads,Darkness - lights lit,Normal,Collision with pedestrians,Unknown
2.0,19:15:00,Monday,Asphalt roads,Darkness - lights lit,Normal,Collision with pedestrians,Other
0.0,Unknown,Unknown,Asphalt roads,Daylight,Normal,Collision with roadside objects,Unknown
2.0,Unknown,Unknown,Asphalt roads,Daylight,Normal,Collision with roadside objects,Unknown
2.0,15:14:00,Tuesday,Asphalt roads,Daylight,Normal,Collision with roadside objects,Rural village areas
2.0,4:00:00,Friday,Asphalt roads,Daylight,Normal,Collision with roadside objects,Other
1.0,Unknown,Unknown,Asphalt roads,Darkness - lights lit,Normal,Rollover,Unknown
2.0,18:45:00,Wednesday,Asphalt roads,Darkness - lights lit,Normal,Rollover, Church areas
2.0,Unknown,Unknown,Asphalt roads,Daylight,Normal,Rollover,Unknown
2.0,7:20:00,Monday,Asphalt roads,Daylight,Normal,Rollover,School areas
1.0,Unknown,Unknown,Asphalt roads,Daylight,Normal,Unknown,Unknown
2.0,Unknown,Unknown,Asphalt roads,Darkness - lights lit,Normal,Vehicle with vehicle collision,Unknown
2.0,22:45:00,Saturday,Asphalt roads,Darkness - lights lit,Normal,Vehicle with vehicle collision,Office areas
2.0,Unknown,Unknown,Asphalt roads,Darkness - lights lit,Normal,Vehicle with vehicle collision,Unknown
2.0,23:30:00,Friday,Asphalt roads,Darkness - lights lit,Normal,Vehicle with vehicle collision,Office areas
1.0,Unknown,Unknown,Asphalt roads,Darkness - lights lit,Normal,Vehicle with vehicle collision,Unknown
2.0,0:56:00,Thursday,Asphalt roads,Darkness - lights lit,Normal,Vehicle with vehicle collision,Office areas
2.0,Unknown,Unknown,Asphalt roads,Darkness - lights lit,Normal,Vehicle with vehicle collision,Unknown
2.0,7:10:00,Tuesday,Asphalt roads,Darkness - lights lit,Normal,Vehicle with vehicle collision,Residential areas
0.0,Unknown,Unknown,Asphalt roads,Darkness - lights lit,Normal,Vehicle with vehicle collision,Unknown
2.0,0:10:00,Sunday,Asphalt roads,Darkness - lights lit,Normal,Vehicle with vehicle collision,Office areas
2.0,Unknown,Unknown,Asphalt roads,Daylight,Normal,Vehicle with vehicle collision,Unknown
2.0,13:03:00,Friday,Asphalt roads,Daylight,Normal,Vehicle with vehicle collision,Office areas
2.0,Unknown,Unknown,Asphalt roads,Daylight,Normal,Vehicle with vehicle collision,Unknown
2.0,16:05:00,Monday,Asphalt roads,Daylight,Normal,Vehicle with vehicle collision,Office areas
2.0,Unknown,Unknown,Asphalt roads,Daylight,Normal,Vehicle with vehicle collision,Unknown
2.0,17:55:00,Thursday,Asphalt roads,Daylight,Normal,Vehicle with vehicle collision,Residential areas
2.0,Unknown,Unknown,Asphalt roads,Daylight,Normal,Vehicle with vehicle collision,Unknown
2.0,14:34:00,Wednesday,Asphalt roads,Daylight,Normal,Vehicle with vehicle collision,Other
1.0,Unknown,Unknown,Asphalt roads,Daylight,Normal,Vehicle with vehicle collision,Unknown
2.0,20:10:00,Saturday,Asphalt roads,Daylight,Normal,Vehicle with vehicle collision,Residential areas
2.0,Unknown,Unknown,Asphalt roads,Daylight,Normal,Vehicle with vehicle collision,Unknown
2.0,15:52:00,Friday,Asphalt roads,Daylight,Normal,Vehicle with vehicle collision, Church areas
2.0,Unknown,Unknown,Asphalt roads,Daylight,Normal,Vehicle with vehicle collision,Unknown