accident_severity,time,day_of_week,road_surface_type,light_conditions,weather_conditions,type_of_collision,area_accident_occured
2.0,12:29:00,Tuesday,Asphalt roads,Daylight,Normal,Vehicle with vehicle collision,Office areas
2.0,Unknown,Unknown,Asphalt roads,Daylight,Normal,Vehicle with vehicle collision,Unknown
2.0,14:56:00,Wednesday,Asphalt roads,Daylight,Normal,Vehicle with vehicle collision, Industrial areas
1.0,Unknown,Unknown,Asphalt roads,Daylight,Normal,Vehicle with vehicle collision,Unknown
2.0,Unknown,Unknown,Asphalt roads,Daylight,Normal,Vehicle with vehicle collision,Unknown
2.0,13:10:00,Monday,Asphalt roads,Daylight,Normal,Vehicle with vehicle collision,Office areas
2.0,16:30:00,Tuesday,Asphalt roads,Daylight,Normal,Vehicle with vehicle collision,Office areas
2.0,Unknown,Unknown,Asphalt roads,Daylight,Normal,Vehicle with vehicle collision,Unknown
2.0,19:20:00,Monday,Asphalt roads,Daylight,Normal,Vehicle with vehicle collision,Office areas
2.0,Unknown,Unknown,Asphalt roads,Daylight,Normal,Vehicle with vehicle collision,Unknown
2.0,16:55:00,Friday,Asphalt roads,Daylight,Normal,Vehicle with vehicle collision,Other
2.0,Unknown,Unknown,Asphalt roads,Daylight,Normal,Vehicle with vehicle collision,Unknown
2.0,14:23:00,Wednesday,Asphalt roads,Daylight,Normal,Vehicle with vehicle collision,Residential areas
2.0,Unknown,Unknown,Asphalt roads,Daylight,Normal,Vehicle with vehicle collision,Unknown
2.0,2:04:00,Thursday,Asphalt roads,Daylight,Normal,Vehicle with vehicle collision,Other
2.0,Unknown,Unknown,Asphalt roads,Daylight,Normal,Vehicle with vehicle collision,Unknown
2.0,16:24:00,Tuesday,Asphalt roads,Daylight,Normal,Vehicle with vehicle collision, Industrial areas
2.0,Unknown,Unknown,Asphalt roads,Daylight,Normal,Vehicle with vehicle collision,Unknown
2.0,18:00:00,Sunday,Asphalt roads,Daylight,Normal,Vehicle with vehicle collision,Other
2.0,Unknown,Unknown,Asphalt roads,Daylight,Normal,Vehicle with vehicle collision,Unknown
2.0,15:00:00,Wednesday,Asphalt roads,Daylight,Normal,Vehicle with vehicle collision,Office areas
1.0,Unknown,Unknown,Asphalt roads,Daylight,Normal,Vehicle with vehicle collision,Unknown
2.0,Unknown,Unknown,Asphalt roads,Daylight,Normal,Vehicle with vehicle collision,Unknown
2.0,14:00:00,Friday,Asphalt roads,Daylight,Normal,Vehicle with vehicle collision,Office areas
2.0,20:17:00,Thursday,Asphalt roads,Daylight,Normal,Vehicle with vehicle collision, Church areas
1.0,Unknown,Unknown,Asphalt roads,Daylight,Normal,Vehicle with vehicle collision,Unknown
2.0,13:05:00,Friday,Asphalt roads,Daylight,Normal,Vehicle with vehicle collision,Office areas
2.0,Unknown,Unknown,Asphalt roads,Daylight,Normal,Vehicle with vehicle collision,Unknown
2.0,11:42:00,Thursday,Asphalt roads,Daylight,Normal,Vehicle with vehicle collision,Office areas
2.0,Unknown,Unknown,Asphalt roads,Daylight,Normal,Vehicle with vehicle collision,Unknown
2.0,12:47:00,Sunday,Asphalt roads,Daylight,Normal,Vehicle with vehicle collision,Residential areas
2.0,14:57:00,Friday,Asphalt roads,Daylight,Normal,,Other
2.0,Unknown,Unknown,Earth roads,Daylight,Normal,Collision with pedestrians,Unknown
2.0,6:45:00,Thursday,Earth roads,Daylight,Normal,Collision with pedestrians,Other
1.0,Unknown,Unknown,Earth roads,Darkness - no lighting,Normal,Vehicle with vehicle collision,Unknown
2.0,17:25:00,Friday,Earth roads,Darkness - no lighting,Normal,Vehicle with vehicle collision, Hospital areas
2.0,Unknown,Unknown,Earth roads,Daylight,Normal,Vehicle with vehicle collision,Unknown
2.0,15:40:00,Friday,Earth roads,Daylight,Normal,Vehicle with vehicle collision,Residential areas
2.0,Unknown,Unknown,Gravel roads,Daylight,Normal,Collision with animals,Unknown
2.0,13:01:00,Thursday,Gravel roads,Daylight,Normal,Collision with animals,Office areas
2.0,Unknown,Unknown,Gravel roads,Daylight,Normal,Vehicle with vehicle collision,Unknown
2.0,18:33:00,Saturday,Gravel roads,Daylight,Normal,Vehicle with vehicle collision,Office areas
2.0,Unknown,Unknown,Unknown,Daylight,Normal,Vehicle with vehicle collision,Unknown
2.0,18:45:00,Tuesday,,Daylight,Normal,Vehicle with vehicle collision, Outside rural areas
2.0,Unknown,Unknown,Asphalt roads,Darkness - lights lit,Normal,Collision with animals,Unknown
2.0,17:30:00,Saturday,Asphalt roads,Darkness - lights lit,Normal,Collision with animals, Industrial areas
2.0,Unknown,Unknown,Asphalt roads,Darkness - lights lit,Normal,Collision with roadside objects,Unknown
2.0,Unknown,Unknown,Asphalt roads,Daylight,Normal,Vehicle with vehicle collision,Unknown
2.0,Unknown,Unknown,Asphalt roads,Daylight,Normal,Vehicle with vehicle collision,Unknown
1.0,Unknown,Unknown,Asphalt roads,Daylight,Normal,Vehicle with vehicle collision,Unknown
2.0,Unknown,Unknown,Asphalt roads,Daylight,Normal,Vehicle with vehicle collision,Unknown
2.0,Unknown,Unknown,Asphalt roads,Daylight,Normal,Vehicle with vehicle collision,Unknown
2.0,Unknown,Unknown,Asphalt roads,Daylight,Normal,Vehicle with vehicle collision,Unknown
2.0,Unknown,Unknown,Asphalt roads,Daylight,Normal,Vehicle with vehicle collision,Unknown
2.0,Unknown,Unknown,Asphalt roads,Daylight,Normal,Vehicle with vehicle collision,Unknown
2.0,Unknown,Unknown,Asphalt roads,Darkness - lights lit,Normal,Collision with roadside objects,Unknown
2.0,21:00:00,Monday,Asphalt roads,Darkness - lights lit,Normal,Collision with roadside objects,Residential areas
2.0,Unknown,Unknown,Asphalt roads,Daylight,Normal,Collision with roadside objects,Unknown
2.0,13:00:00,Saturday,Asphalt roads,Daylight,Normal,Collision with roadside objects,Office areas
2.0,Unknown,Unknown,Asphalt roads,Daylight,Normal,Collision with roadside objects,Unknown
2.0,20:00:00,Friday,Asphalt roads,Daylight,Normal,Collision with roadside objects,School areas
2.0,Unknown,Unknown,Asphalt roads,Daylight,Normal,Collision with roadside objects,Unknown
2.0,12:10:00,Tuesday,Asphalt roads,Daylight,Normal,Collision with roadside objects,School areas
2.0,Unknown,Unknown,Asphalt roads,Daylight,Normal,Other,Unknown
2.0,12:24:00,Saturday,Asphalt roads,Daylight,Normal,Other, Church areas
2.0,Unknown,Unknown,Asphalt roads,Darkness - lights lit,Normal,Vehicle with vehicle collision,Unknown
2.0,17:15:00,Sunday,Asphalt roads,Darkness - lights lit,Normal,Vehicle with vehicle collision,Residential areas
2.0,Unknown,Unknown,Asphalt roads,Darkness - lights lit,Normal,Vehicle with vehicle collision,Unknown
2.0,20:17:00,Thursday,Asphalt roads,Darkness - lights lit,Normal,Vehicle with vehicle collision, Church areas
2.0,Unknown,Unknown,Asphalt roads,Darkness - lights lit,Normal,Vehicle with vehicle collision,Unknown
2.0,13:16:00,Wednesday,Asphalt roads,Darkness - lights lit,Normal,Vehicle with vehicle collision,Residential areas
2.0,Unknown,Unknown,Asphalt roads,Darkness - lights lit,Normal,Vehicle with vehicle collision,Unknown
2.0,21:51:00,Friday,Asphalt roads,Darkness - lights lit,Normal,Vehicle with vehicle collision,Other
2.0,Unknown,Unknown,Asphalt roads,Darkness - lights lit,Normal,Vehicle with vehicle collision,Unknown
2.0,19:10:00,Friday,Asphalt roads,Darkness - lights lit,Normal,Vehicle with vehicle collision,  Recreational areas
2.0,Unknown,Unknown,Asphalt roads,Daylight,Normal,Vehicle with vehicle collision,Unknown
2.0,8:10:00,Friday,Asphalt roads,Daylight,Normal,Vehicle with vehicle collision,Other
2.0,Unknown,Unknown,Asphalt roads,Daylight,Normal,Vehicle with vehicle collision,Unknown
2.0,10:35:00,Wednesday,Asphalt roads,Daylight,Normal,Vehicle with vehicle collision,Residential areas
2.0,Unknown,Unknown,Asphalt roads,Daylight,Normal,Vehicle with vehicle collision,Unknown
2.0,9:51:00,Tuesday,Asphalt roads,Daylight,Normal,Vehicle with vehicle collision, Church areas
2.0,Unknown,Unknown,Asphalt roads,Daylight,Normal,Vehicle with vehicle collision,Unknown
2.0,17:59:00,Friday,Asphalt roads,Daylight,Normal,Vehicle with vehicle collision,Office areas
1.0,Unknown,Unknown,Asphalt roads,Daylight,Normal,Vehicle with vehicle collision,Unknown
2.0,15:46:00,Thursday,Asphalt roads,Daylight,Normal,Vehicle with vehicle collision,Office areas
1.0,Unknown,Unknown,Asphalt roads,Daylight,Normal,Vehicle with vehicle collision,Unknown
2.0,13:09:00,Tuesday,Asphalt roads,Daylight,Normal,Vehicle with vehicle collision,Office areas
2.0,Unknown,Unknown,Asphalt roads,Daylight,Normal,Vehicle with vehicle collision,Unknown
2.0,Unknown,Unknown,Asphalt roads,Daylight,Normal,Vehicle with vehicle collision,Unknown
2.0,16:01:00,Monday,Asphalt roads,Daylight,Normal,Vehicle with vehicle collision,Other
2.0,18:30:00,Friday,Asphalt roads,Daylight,Normal,Vehicle with vehicle collision,Other
2.0,Unknown,Unknown,Asphalt roads,Daylight,Normal,Vehicle with vehicle collision,Unknown
2.0,11:42:00,Thursday,Asphalt roads,Daylight,Normal,Vehicle with vehicle collision,Other
0.0,Unknown,Unknown,Earth roads,Daylight,Normal,Collision with animals,Unknown
2.0,15:17:00,Sunday,Earth roads,Daylight,Normal,Collision with animals,Other
2.0,Unknown,Unknown,Unknown,Daylight,Normal,Unknown,Unknown
2.0,Unknown,Unknown,Unknown,Daylight,Normal,Vehicle with vehicle collision,Unknown
2.0,16:07:00,Sunday,,Daylight,Normal,Vehicle with vehicle collision,Other
2.0,17:25:00,Monday,,Daylight,Normal,,Office areas
2.0,23:05:00,Saturday,Asphalt roads,Darkness - lights lit,Normal,Collision with roadside objects,Unknown
2.0,11:15:00,Wednesday,Asphalt roads,Daylight,Normal,Vehicle with vehicle collision,Residential areas
2.0,18:15:00,Wednesday,Asphalt roads,Daylight,Normal,Vehicle with vehicle collision,Other
2.0,12:15:00,Monday,Asphalt roads,Daylight,Normal,Vehicle with vehicle collision,Office areas
2.0,20:20:00,Wednesday,Asphalt roads,Daylight,Normal,Vehicle with vehicle collision,School areas
2.0,7:30:00,Wednesday,Asphalt roads,Daylight,Normal,Vehicle with vehicle collision,School areas
2.0,11:14:00,Friday,Asphalt roads,Daylight,Normal,Vehicle with vehicle collision,Other
2.0,12:05:00,Thursday,Asphalt roads,Daylight,Normal,Vehicle with vehicle collision,Residential areas
2.0,14:40:00,Saturday,Asphalt roads,Daylight,Normal,Vehicle with vehicle collision,Other
2.0,Unknown,Unknown,Asphalt roads,Daylight,Normal,Vehicle with vehicle collision,Unknown
2.0,8:35:00,Tuesday,Asphalt roads,Daylight,Normal,Vehicle with vehicle collision,Office areas
1.0,Unknown,Unknown,Asphalt roads,Darkness - lights lit,Normal,Collision with pedestrians,Unknown
2.0,18:30:00,Monday,Asphalt roads,Darkness - lights lit,Normal,Collision with pedestrians,Office areas
2.0,Unknown,Unknown,Asphalt roads,Daylight,Normal,Vehicle with vehicle collision,Unknown
2.0,8:50:00,Wednesday,Asphalt roads,Daylight,Normal,Vehicle with vehicle collision,Other
2.0,Unknown,Unknown,Asphalt roads,Daylight,Normal,Vehicle with vehicle collision,Unknown
2.0,16:40:00,Tuesday,Asphalt roads,Daylight,Normal,Vehicle with vehicle collision,Other
2.0,Unknown,Unknown,Asphalt roads,Darkness - lights lit,Normal,Collision with roadside objects,Unknown
2.0,18:44:00,Sunday,Asphalt roads,Darkness - lights lit,Normal,Collision with roadside objects,Other
2.0,Unknown,Unknown,Asphalt roads,Daylight,Normal,Vehicle with vehicle collision,Unknown
2.0,11:04:00,Sunday,Asphalt roads,Daylight,Normal,Vehicle with vehicle collision,Office areas
1.0,Unknown,Unknown,Asphalt roads,Daylight,Normal,Collision with roadside objects,Unknown
2.0,8:04:00,Thursday,Asphalt roads,Daylight,Normal,Collision with roadside objects,Office areas
2.0,Unknown,Unknown,Asphalt roads,Daylight,Normal,Collision with roadside objects,Unknown
2.0,16:55:00,Wednesday,Asphalt roads,Daylight,Normal,Collision with roadside objects,Office areas
2.0,Unknown,Unknown,Asphalt roads,Daylight,Normal,Collision with roadside objects,Unknown
2.0,11:30:00,Wednesday,Asphalt roads,Daylight,Normal,Collision with roadside objects, Church areas
2.0,Unknown,Unknown,Asphalt roads,Daylight,Normal,Vehicle with vehicle collision,Unknown
2.0,15:40:00,Thursday,Asphalt roads,Daylight,Normal,Vehicle with vehicle collision, Church areas
2.0,Unknown,Unknown,Asphalt roads,Daylight,Normal,Vehicle with vehicle collision,Unknown
2.0,13:43:00,Monday,Asphalt roads,Daylight,Normal,Vehicle with vehicle collision,School areas
2.0,Unknown,Unknown,Asphalt roads,Daylight,Normal,Unknown,Unknown
2.0,14:59:00,Wednesday,Asphalt roads,Daylight,Normal,Unknown,Residential areas
2.0,Unknown,Unknown,Asphalt roads,Daylight,Normal,Vehicle with vehicle collision,Unknown
2.0,8:15:00,Friday,Asphalt roads,Daylight,Normal,Vehicle with vehicle collision,  Recreational areas
2.0,Unknown,Unknown,Asphalt roads,Daylight,Normal,Vehicle with vehicle collision,Unknown
2.0,16:05:00,Wednesday,Asphalt roads,Daylight,Normal,Vehicle with vehicle collision,Residential areas
1.0,Unknown,Unknown,Asphalt roads,Daylight,Normal,Vehicle with vehicle collision,Unknown
2.0,11:06:00,Friday,Asphalt roads,Daylight,Normal,Vehicle with vehicle collision,Other
1.0,Unknown,Unknown,Asphalt roads,Daylight,Normal,Collision with pedestrians,Unknown
2.0,17:51:00,Monday,Asphalt roads,Daylight,Normal,Collision with pedestrians,Residential areas
2.0,Unknown,Unknown,Asphalt roads,Daylight,Normal,Collision with pedestrians,Unknown
2.0,9:25:00,Tuesday,Asphalt roads,Daylight,Normal,Collision with pedestrians,Office areas
2.0,Unknown,Unknown,Asphalt roads,Daylight,Normal,Collision with roadside objects,Unknown
2.0,13:40:00,Friday,Asphalt roads,Daylight,Normal,Collision with roadside objects,Other
1.0,Unknown,Unknown,Asphalt roads,Daylight,Normal,Collision with roadside objects,Unknown
2.0,12:40:00,Friday,Asphalt roads,Daylight,Normal,Collision with roadside objects,Residential areas
2.0,Unknown,Unknown,Asphalt roads,Daylight,Normal,Other,Unknown
2.0,15:40:00,Thursday,Asphalt roads,Daylight,Normal,Other,Office areas
2.0,Unknown,Unknown,Asphalt roads,Darkness - lights lit,Normal,Vehicle with vehicle collision,Unknown
2.0,22:48:00,Monday,Asphalt roads,Darkness - lights lit,Normal,Vehicle with vehicle collision,Other
2.0,Unknown,Unknown,Asphalt roads,Daylight,Normal,Vehicle with vehicle collision,Unknown
2.0,9:00:00,Tuesday,Asphalt roads,Daylight,Normal,Vehicle with vehicle collision,Other
2.0,Unknown,Unknown,Asphalt roads,Daylight,Normal,Vehicle with vehicle collision,Unknown
2.0,Unknown,Unknown,Asphalt roads,Daylight,Normal,Vehicle with vehicle collision,Unknown
1.0,Unknown,Unknown,Asphalt roads,Daylight,Normal,Vehicle with vehicle collision,Unknown
2.0,9:51:00,Thursday,Asphalt roads,Daylight,Normal,Vehicle with vehicle collision,Other
1.0,Unknown,Unknown,Asphalt roads,Daylight,Normal,Vehicle with vehicle collision,Unknown
2.0,10:01:00,Friday,Asphalt roads,Daylight,Normal,Vehicle with vehicle collision,Residential areas
2.0,11:29:00,Saturday,Asphalt roads,Daylight,Normal,Vehicle with vehicle collision,Residential areas
2.0,7:30:00,Wednesday,Asphalt roads,Daylight,Normal,Vehicle with vehicle collision,Office areas
2.0,Unknown,Unknown,Asphalt roads,Daylight,Normal,Vehicle with vehicle collision,Unknown
2.0,12:15:00,Monday,Asphalt roads,Daylight,Normal,Vehicle with vehicle collision,Office areas
2.0,Unknown,Unknown,Asphalt roads,Daylight,Normal,Vehicle with vehicle collision,Unknown
2.0,8:57:00,Wednesday,Asphalt roads,Daylight,Normal,Vehicle with vehicle collision,Residential areas
1.0,Unknown,Unknown,Asphalt roads,Daylight,Normal,Vehicle with vehicle collision,Unknown
2.0,13:09:00,Tuesday,Asphalt roads,Daylight,Normal,Vehicle with vehicle collision,Office areas
2.0,Unknown,Unknown,Asphalt roads,Daylight,Normal,Vehicle with vehicle collision,Unknown
2.0,11:27:00,Thursday,Asphalt roads,Daylight,Normal,Vehicle with vehicle collision,Residential areas
2.0,Unknown,Unknown,Asphalt roads,Daylight,Normal,Vehicle with vehicle collision,Unknown
2.0,12:10:00,Thursday,Asphalt roads,Daylight,Normal,Vehicle with vehicle collision, Church areas
2.0,Unknown,Unknown,Asphalt roads,Daylight,Normal,Vehicle with vehicle collision,Unknown
2.0,12:59:00,Tuesday,Asphalt roads,Daylight,Normal,Vehicle with vehicle collision,Residential areas
2.0,Unknown,Unknown,Earth roads,Daylight,Normal,Vehicle with vehicle collision,Unknown
2.0,13:07:00,Tuesday,Earth roads,Daylight,Normal,Vehicle with vehicle collision, Church areas
2.0,Unknown,Unknown,Gravel roads,Darkness - lights lit,Normal,Collision with roadside objects,Unknown
2.0,19:40:00,Sunday,Gravel roads,Darkness - lights lit,Normal,Collision with roadside objects,Other
2.0,Unknown,Unknown,Asphalt roads,Daylight,Normal,Collision with animals,Unknown
2.0,12:05:00,Friday,Asphalt roads,Daylight,Normal,Collision with animals, Church areas
2.0,Unknown,Unknown,Asphalt roads,Daylight,Normal,Collision with animals,Unknown
2.0,10:30:00,Monday,Asphalt roads,Daylight,Normal,Collision with animals,Other
2.0,Unknown,Unknown,Asphalt roads,Daylight,Normal,Collision with animals,Unknown
2.0,12:05:00,Friday,Asphalt roads,Daylight,Normal,Collision with animals,Residential areas
2.0,Unknown,Unknown,Asphalt roads,Darkness - lights lit,Normal,Collision with pedestrians,Unknown
2.0,22:05:00,Tuesday,Asphalt roads,Darkness - lights lit,Normal,Collision with pedestrians,Other
2.0,Unknown,Unknown,Asphalt roads,Daylight,Normal,Collision with pedestrians,Unknown
2.0,12:03:00,Sunday,Asphalt roads,Daylight,Normal,Collision with pedestrians, Church areas
2.0,Unknown,Unknown,Asphalt roads,Daylight,Normal,Collision with pedestrians,Unknown
2.0,19:00:00,Friday,Asphalt roads,Daylight,Normal,Collision with pedestrians,Other
2.0,Unknown,Unknown,Asphalt roads,Daylight,Normal,Collision with roadside objects,Unknown
2.0,13:30:00,Monday,Asphalt roads,Daylight,Normal,Collision with roadside objects,Other
2.0,Unknown,Unknown,Asphalt roads,Daylight,Normal,Collision with roadside objects,Unknown
2.0,11:27:00,Thursday,Asphalt roads,Daylight,Normal,Collision with roadside objects,Other
2.0,Unknown,Unknown,Asphalt roads,Daylight,Normal,Collision with roadside objects,Unknown
2.0,11:29:00,Saturday,Asphalt roads,Daylight,Normal,Collision with roadside objects, Church areas
1.0,Unknown,Unknown,Asphalt roads,Darkness - lights lit,Normal,Unknown,Unknown
1.0,Unknown,Unknown,Asphalt roads,Darkness - lights lit,Normal,Vehicle with vehicle collision,Unknown
2.0,0:10:00,Saturday,Asphalt roads,Darkness - lights lit,Normal,Vehicle with vehicle collision, Industrial areas
2.0,Unknown,Unknown,Asphalt roads,Darkness - lights lit,Normal,Vehicle with vehicle collision,Unknown
2.0,17:40:00,Sunday,Asphalt roads,Darkness - lights lit,Normal,Vehicle with vehicle collision, Industrial areas
2.0,Unknown,Unknown,Asphalt roads,Daylight,Normal,Vehicle with vehicle collision,Unknown
2.0,16:30:00,Wednesday,Asphalt roads,Daylight,Normal,Vehicle with vehicle collision,Residential areas
1.0,Unknown,Unknown,Asphalt roads,Daylight,Normal,Vehicle with vehicle collision,Unknown
2.0,11:08:00,Thursday,Asphalt roads,Daylight,Normal,Vehicle with vehicle collision,Other
2.0,Unknown,Unknown,Asphalt roads,Daylight,Normal,Vehicle with vehicle collision,Unknown
2.0,12:00:00,Wednesday,Asphalt roads,Daylight,Normal,Vehicle with vehicle collision,Residential areas
2.0,Unknown,Unknown,Asphalt roads,Daylight,Normal,Vehicle with vehicle collision,Unknown
2.0,18:50:00,Thursday,Asphalt roads,Daylight,Normal,Vehicle with vehicle collision,Office areas
2.0,Unknown,Unknown,Asphalt roads,Daylight,Normal,Vehicle with vehicle collision,Unknown
2.0,13:00:00,Thursday,Asphalt roads,Daylight,Normal,Vehicle with vehicle collision,Office areas
2.0,Unknown,Unknown,Asphalt roads,Daylight,Normal,Vehicle with vehicle collision,Unknown
2.0,14:28:00,Tuesday,Asphalt roads,Daylight,Normal,Vehicle with vehicle collision, Church areas
2.0,Unknown,Unknown,Asphalt roads,Daylight,Normal,Vehicle with vehicle collision,Unknown
2.0,11:30:00,Tuesday,Asphalt roads,Daylight,Normal,Vehicle with vehicle collision,Other
1.0,Unknown,Unknown,Asphalt roads,Daylight,Normal,Vehicle with vehicle collision,Unknown
2.0,Unknown,Unknown,Asphalt roads,Daylight,Normal,Vehicle with vehicle collision,Unknown
2.0,14:30:00,Wednesday,Asphalt roads,Daylight,Normal,Vehicle with vehicle collision,  Recreational areas
2.0,11:08:00,Thursday,Asphalt roads,Daylight,Normal,Vehicle with vehicle collision,Other
2.0,Unknown,Unknown,Asphalt roads,Daylight,Normal,Vehicle with vehicle collision,Unknown
2.0,17:21:00,Friday,Asphalt roads,Daylight,Normal,Vehicle with vehicle collision,Other
2.0,Unknown,Unknown,Asphalt roads,Daylight,Normal,Vehicle with vehicle collision,Unknown
2.0,8:30:00,Tuesday,Asphalt roads,Daylight,Normal,Vehicle with vehicle collision,Rural village areas
2.0,Unknown,Unknown,Asphalt roads,Daylight,Normal,Vehicle with vehicle collision,Unknown
2.0,8:15:00,Friday,Asphalt roads,Daylight,Normal,Vehicle with vehicle collision,Other
2.0,Unknown,Unknown,Asphalt roads,Daylight,Normal,Vehicle with vehicle collision,Unknown
2.0,10:59:00,Friday,Asphalt roads,Daylight,Normal,Vehicle with vehicle collision, Church areas
2.0,17:34:00,Friday,Asphalt roads,Darkness - lights lit,Normal,,Other
2.0,Unknown,Unknown,Asphalt roads with some distress,Darkness - lights lit,Normal,Collision with roadside objects,Unknown
2.0,15:30:00,Friday,Asphalt roads with some distress,Darkness - lights lit,Normal,Collision with roadside objects,Unknown
1.0,Unknown,Unknown,Asphalt roads,Daylight,Normal,Collision with roadside objects,Unknown
2.0,Unknown,Unknown,Asphalt roads,Darkness - lights lit,Normal,Vehicle with vehicle collision,Unknown
2.0,Unknown,Unknown,Asphalt roads,Daylight,Normal,Vehicle with vehicle collision,Unknown
2.0,Unknown,Unknown,Asphalt roads,Darkness - lights lit,Normal,Collision with roadside objects,Unknown
2.0,20:30:00,Sunday,Asphalt roads,Darkness - lights lit,Normal,Collision with roadside objects,Residential areas
2.0,Unknown,Unknown,Asphalt roads,Daylight,Normal,Rollover,Unknown
2.0,11:31:00,Monday,Asphalt roads,Daylight,Normal,Rollover, Church areas
2.0,Unknown,Unknown,Asphalt roads,Daylight,Normal,Vehicle with vehicle collision,Unknown
2.0,19:21:00,Saturday,Asphalt roads,Daylight,Normal,Vehicle with vehicle collision,Office areas
1.0,Unknown,Unknown,Asphalt roads,Daylight,Normal,Vehicle with vehicle collision,Unknown
2.0,20:21:00,Friday,Asphalt roads,Daylight,Normal,Vehicle with vehicle collision,Residential areas
2.0,Unknown,Unknown,Asphalt roads,Daylight,Normal,Vehicle with vehicle collision,Unknown
2.0,10:40:00,Tuesday,Asphalt roads,Daylight,Normal,Vehicle with vehicle collision,Unknown
2.0,Unknown,Unknown,Unknown,Darkness - lights lit,Normal,Vehicle with vehicle collision,Unknown
2.0,22:20:00,Sunday,,Darkness - lights lit,Normal,Vehicle with vehicle collision,Office areas
2.0,12:04:00,Monday,Asphalt roads,Daylight,Normal,Collision with roadside objects,School areas
2.0,20:30:00,Sunday,Asphalt roads,Darkness - lights lit,Normal,Vehicle with vehicle collision,Other
2.0,23:05:00,Saturday,Asphalt roads,Daylight,Normal,Vehicle with vehicle collision,Residential areas
2.0,Unknown,Unknown,Asphalt roads,Daylight,Normal,Vehicle with vehicle collision,Unknown
2.0,19:16:00,Tuesday,Asphalt roads,Daylight,Normal,Vehicle with vehicle collision,Office areas
2.0,Unknown,Unknown,Asphalt roads,Darkness - lights lit,Normal,Vehicle with vehicle collision,Unknown
2.0,22:55:00,Saturday,Asphalt roads,Darkness - lights lit,Normal,Vehicle with vehicle collision,Office areas
1.0,Unknown,Unknown,Asphalt roads,Daylight,Normal,Vehicle with vehicle collision,Unknown
2.0,12:40:00,Friday,Asphalt roads,Daylight,Normal,Vehicle with vehicle collision,Other
1.0,Unknown,Unknown,Asphalt roads,Darkness - lights unlit,Normal,Collision with pedestrians,Unknown
2.0,22:50:00,Friday,Asphalt roads,Darkness - lights unlit,Normal,Collision with pedestrians,Residential areas
0.0,Unknown,Unknown,Asphalt roads,Darkness - lights lit,Normal,Collision with roadside objects,Unknown
2.0,3:32:00,Saturday,Asphalt roads,Darkness - lights lit,Normal,Collision with roadside objects,Residential areas
2.0,Unknown,Unknown,Asphalt roads,Daylight,Normal,Collision with roadside objects,Unknown
2.0,17:10:00,Wednesday,Asphalt roads,Daylight,Normal,Collision with roadside objects,Office areas
2.0,Unknown,Unknown,Asphalt roads,Darkness - lights lit,Normal,Vehicle with vehicle collision,Unknown
2.0,19:00:00,Friday,Asphalt roads,Darkness - lights lit,Normal,Vehicle with vehicle collision,Residential areas
1.0,Unknown,Unknown,Asphalt roads,Daylight,Normal,Vehicle with vehicle collision,Unknown
2.0,16:05:00,Sunday,Asphalt roads,Daylight,Normal,Vehicle with vehicle collision,Other
2.0,Unknown,Unknown,Asphalt roads,Daylight,Normal,Vehicle with vehicle collision,Unknown
2.0,18:00:00,Thursday,Asphalt roads,Daylight,Normal,Vehicle with vehicle collision,Other
2.0,Unknown,Unknown,Asphalt roads,Daylight,Normal,Vehicle with vehicle collision,Unknown
2.0,9:45:00,Saturday,Asphalt roads,Daylight,Normal,Vehicle with vehicle collision,Residential areas
2.0,Unknown,Unknown,Asphalt roads,Daylight,Normal,Vehicle with vehicle collision,Unknown
2.0,16:24:00,Tuesday,Asphalt roads,Daylight,Normal,Vehicle with vehicle collision,Other
2.0,Unknown,Unknown,Earth roads,Daylight,Normal,Vehicle with vehicle collision,Unknown
2.0,20:17:00,Sunday,Earth roads,Daylight,Normal,Vehicle with vehicle collision, Church areas
2.0,Unknown,Unknown,Gravel roads,Daylight,Normal,Collision with pedestrians,Unknown
2.0,8:15:00,Friday,Gravel roads,Daylight,Normal,Collision with pedestrians,Other
2.0,Unknown,Unknown,Asphalt roads,Daylight,Normal,Vehicle with vehicle collision,Unknown
2.0,17:25:00,Friday,Asphalt roads,Daylight,Normal,Vehicle with vehicle collision, Church areas
2.0,Unknown,Unknown,Asphalt roads,Darkness - lights lit,Normal,Collision with animals,Unknown
2.0,21:40:00,Thursday,Asphalt roads,Darkness - lights lit,Normal,Collision with animals,Office areas
1.0,Unknown,Unknown,Asphalt roads,Daylight,Normal,Collision with roadside objects,Unknown
2.0,18:42:00,Friday,Asphalt roads,Daylight,Normal,Collision with roadside objects, Hospital areas
2.0,Unknown,Unknown,Asphalt roads,Daylight,Normal,Collision with roadside objects,Unknown
2.0,17:50:00,Saturday,Asphalt roads,Daylight,Normal,Collision with roadside objects, Industrial areas
2.0,Unknown,Unknown,Asphalt roads,Daylight,Normal,Collision with roadside objects,Unknown
2.0,18:56:00,Monday,Asphalt roads,Daylight,Normal,Collision with roadside objects,Office areas
2.0,Unknown,Unknown,Asphalt roads,Darkness - lights lit,Normal,Collision with roadside-parked vehicles,Unknown
2.0,1:02:00,Friday,Asphalt roads,Darkness - lights lit,Normal,Collision with roadside-parked vehicles,Office areas
2.0,Unknown,Unknown,Asphalt roads,Darkness - lights lit,Normal,Vehicle with vehicle collision,Unknown
2.0,18:50:00,Friday,Asphalt roads,Darkness - lights lit,Normal,Vehicle with vehicle collision, Church areas
2.0,Unknown,Unknown,Asphalt roads,Daylight,Normal,Vehicle with vehicle collision,Unknown