accident_severity,time,day_of_week,road_surface_type,light_conditions,weather_conditions,type_of_collision,area_accident_occured
2.0,19:20:00,Sunday,Asphalt roads,Daylight,Normal,Vehicle with vehicle collision,Other
2.0,Unknown,Unknown,Asphalt roads,Daylight,Normal,Vehicle with vehicle collision,Unknown
2.0,Unknown,Unknown,Asphalt roads,Daylight,Normal,Vehicle with vehicle collision,Unknown
2.0,Unknown,Unknown,Other,Daylight,Normal,Collision with pedestrians,Unknown
2.0,17:10:00,Friday,Other,Daylight,Normal,Collision with pedestrians,Residential areas
2.0,Unknown,Unknown,Asphalt roads,Darkness - lights lit,Normal,Vehicle with vehicle collision,Unknown
2.0,Unknown,Unknown,Asphalt roads,Darkness - lights lit,Normal,Vehicle with vehicle collision,Unknown
2.0,Unknown,Unknown,Asphalt roads,Daylight,Normal,Collision with pedestrians,Unknown
2.0,7:46:00,Thursday,Asphalt roads,Daylight,Normal,Collision with pedestrians,Office areas
2.0,Unknown,Unknown,Asphalt roads,Daylight,Normal,Fall from vehicles,Unknown
0.0,Unknown,Unknown,Asphalt roads,Daylight,Normal,Vehicle with vehicle collision,Unknown
2.0,18:45:00,Thursday,Asphalt roads,Darkness - lights lit,Normal,Vehicle with vehicle collision,Office areas
2.0,4:48:00,Wednesday,Asphalt roads,Darkness - lights lit,Normal,Vehicle with vehicle collision,Other
2.0,Unknown,Unknown,Asphalt roads,Darkness - no lighting,Normal,Vehicle with vehicle collision,Unknown
2.0,Unknown,Unknown,Asphalt roads,Daylight,Normal,Vehicle with vehicle collision,Unknown
2.0,7:40:00,Sunday,Asphalt roads,Daylight,Normal,Vehicle with vehicle collision,Residential areas
1.0,Unknown,Unknown,Asphalt roads,Daylight,Normal,Vehicle with vehicle collision,Unknown
2.0,Unknown,Unknown,Asphalt roads,Daylight,Normal,Rollover,Unknown
2.0,17:00:00,Monday,Asphalt roads,Daylight,Normal,Rollover,Office areas
2.0,Unknown,Unknown,Asphalt roads,Daylight,Normal,Collision with roadside objects,Unknown
2.0,Unknown,Unknown,Asphalt roads,Darkness - lights lit,Normal,Vehicle with vehicle collision,Unknown
2.0,Unknown,Unknown,Asphalt roads,Darkness - lights lit,Normal,Vehicle with vehicle collision,Unknown
2.0,Unknown,Unknown,Asphalt roads,Darkness - lights lit,Normal,Vehicle with vehicle collision,Unknown
2.0,Unknown,Unknown,Asphalt roads,Daylight,Normal,Vehicle with vehicle collision,Unknown
2.0,Unknown,Unknown,Asphalt roads,Daylight,Normal,Vehicle with vehicle collision,Unknown
0.0,Unknown,Unknown,Asphalt roads,Daylight,Normal,Collision with pedestrians,Unknown
2.0,Unknown,Unknown,Asphalt roads,Daylight,Normal,Collision with roadside objects,Unknown
2.0,Unknown,Unknown,Asphalt roads,Daylight,Normal,Unknown,Unknown
2.0,Unknown,Unknown,Asphalt roads,Darkness - lights lit,Normal,Vehicle with vehicle collision,Unknown
2.0,17:00:00,Wednesday,Asphalt roads,Darkness - lights lit,Normal,Vehicle with vehicle collision,Residential areas
2.0,Unknown,Unknown,Asphalt roads,Daylight,Normal,Vehicle with vehicle collision,Unknown
2.0,11:45:00,Saturday,Asphalt roads,Daylight,Normal,Vehicle with vehicle collision,Other
2.0,Unknown,Unknown,Asphalt roads,Daylight,Normal,Collision with pedestrians,Unknown
2.0,Unknown,Unknown,Asphalt roads,Daylight,Normal,Vehicle with vehicle collision,Unknown
2.0,Unknown,Unknown,Asphalt roads,Daylight,Normal,Vehicle with vehicle collision,Unknown
2.0,13:32:00,Wednesday,Asphalt roads,Daylight,Normal,Vehicle with vehicle collision,Residential areas
1.0,Unknown,Unknown,Asphalt roads,Daylight,Normal,Rollover,Unknown
2.0,19:13:00,Wednesday,Asphalt roads,Daylight,Normal,Rollover, Church areas
2.0,Unknown,Unknown,Asphalt roads,Darkness - lights lit,Normal,Collision with pedestrians,Unknown
2.0,23:35:00,Saturday,Asphalt roads,Darkness - lights lit,Normal,Collision with pedestrians,Other
2.0,Unknown,Unknown,Asphalt roads,Darkness - lights lit,Normal,Vehicle with vehicle collision,Unknown
2.0,23:35:00,Saturday,Asphalt roads,Darkness - lights lit,Normal,Vehicle with vehicle collision,Office areas
2.0,Unknown,Unknown,Asphalt roads,Daylight,Normal,Vehicle with vehicle collision,Unknown
2.0,Unknown,Unknown,Earth roads,Daylight,Normal,Collision with pedestrians,Unknown
2.0,Unknown,Unknown,Asphalt roads,Daylight,Normal,Vehicle with vehicle collision,Unknown
2.0,Unknown,Unknown,Asphalt roads,Darkness - lights lit,Normal,Vehicle with vehicle collision,Unknown
2.0,Unknown,Unknown,Asphalt roads,Darkness - lights lit,Normal,Vehicle with vehicle collision,Unknown
2.0,2:10:00,Saturday,Asphalt roads,Darkness - lights lit,Normal,Vehicle with vehicle collision,Office areas
2.0,Unknown,Unknown,Asphalt roads,Darkness - lights lit,Normal,Vehicle with vehicle collision,Unknown
2.0,Unknown,Unknown,Asphalt roads,Darkness - lights lit,Normal,Vehicle with vehicle collision,Unknown
2.0,Unknown,Unknown,Asphalt roads,Darkness - lights lit,Normal,Vehicle with vehicle collision,Unknown
2.0,Unknown,Unknown,Asphalt roads,Darkness - no lighting,Normal,Vehicle with vehicle collision,Unknown
2.0,Unknown,Unknown,Asphalt roads,Daylight,Normal,Vehicle with vehicle collision,Unknown
1.0,Unknown,Unknown,Asphalt roads,Daylight,Normal,Collision with roadside objects,Unknown
2.0,Unknown,Unknown,Asphalt roads,Daylight,Normal,Vehicle with vehicle collision,Unknown
2.0,Unknown,Unknown,Asphalt roads,Daylight,Normal,Vehicle with vehicle collision,Unknown
2.0,Unknown,Unknown,Asphalt roads,Darkness - lights lit,Normal,Collision with pedestrians,Unknown
2.0,Unknown,Unknown,Asphalt roads,Daylight,Normal,Vehicle with vehicle collision,Unknown
1.0,Unknown,Unknown,Asphalt roads,Daylight,Normal,Vehicle with vehicle collision,Unknown
2.0,Unknown,Unknown,Asphalt roads,Daylight,Normal,Collision with pedestrians,Unknown
2.0,18:13:00,Tuesday,Asphalt roads,Daylight,Normal,Vehicle with vehicle collision,Residential areas
2.0,Unknown,Unknown,Asphalt roads,Darkness - lights lit,Normal,Collision with pedestrians,Unknown
2.0,Unknown,Unknown,Asphalt roads,Daylight,Normal,Vehicle with vehicle collision,Unknown
2.0,Unknown,Unknown,Asphalt roads,Daylight,Normal,Vehicle with vehicle collision,Unknown
2.0,Unknown,Unknown,Asphalt roads,Daylight,Normal,Vehicle with vehicle collision,Unknown
2.0,Unknown,Unknown,Asphalt roads,Daylight,Normal,Vehicle with vehicle collision,Unknown
2.0,8:39:00,Monday,Asphalt roads,Daylight,Normal,Vehicle with vehicle collision,Other
2.0,Unknown,Unknown,Asphalt roads,Daylight,Normal,Collision with roadside objects,Unknown
1.0,Unknown,Unknown,Asphalt roads,Daylight,Normal,Vehicle with vehicle collision,Unknown
2.0,Unknown,Unknown,Asphalt roads,Daylight,Normal,Vehicle with vehicle collision,Unknown
1.0,Unknown,Unknown,Asphalt roads,Daylight,Normal,Vehicle with vehicle collision,Unknown
2.0,Unknown,Unknown,Asphalt roads,Daylight,Normal,Unknown,Unknown
2.0,Unknown,Unknown,Asphalt roads,Daylight,Normal,Vehicle with vehicle collision,Unknown
2.0,17:50:00,Saturday,Asphalt roads,Daylight,Normal,Vehicle with vehicle collision,Office areas
2.0,Unknown,Unknown,Asphalt roads,Daylight,Normal,Vehicle with vehicle collision,Unknown
2.0,17:00:00,Tuesday,Asphalt roads,Daylight,Normal,Vehicle with vehicle collision,Unknown
2.0,Unknown,Unknown,Asphalt roads,Daylight,Normal,Unknown,Unknown
2.0,Unknown,Unknown,Asphalt roads,Darkness - lights lit,Normal,Vehicle with vehicle collision,Unknown
2.0,Unknown,Unknown,Asphalt roads,Daylight,Normal,Vehicle with vehicle collision,Unknown
2.0,Unknown,Unknown,Asphalt roads,Daylight,Normal,Vehicle with vehicle collision,Unknown
2.0,Unknown,Unknown,Asphalt roads,Darkness - lights lit,Normal,Collision with roadside objects,Unknown
2.0,Unknown,Unknown,Asphalt roads,Darkness - lights lit,Normal,Collision with roadside objects,Unknown
2.0,Unknown,Unknown,Asphalt roads,Daylight,Normal,Vehicle with vehicle collision,Unknown
2.0,14:35:00,Wednesday,Asphalt roads,Daylight,Normal,Vehicle with vehicle collision,Office areas
2.0,Unknown,Unknown,Asphalt roads,Darkness - lights lit,Normal,Vehicle with vehicle collision,Unknown
1.0,Unknown,Unknown,Asphalt roads,Daylight,Normal,Vehicle with vehicle collision,Unknown
2.0,Unknown,Unknown,Earth roads,Daylight,Normal,Vehicle with vehicle collision,Unknown
2.0,Unknown,Unknown,Asphalt roads,Daylight,Normal,Collision with pedestrians,Unknown
1.0,Unknown,Unknown,Asphalt roads,Daylight,Normal,Vehicle with vehicle collision,Unknown
2.0,15:00:00,Wednesday,Asphalt roads,Daylight,Normal,Vehicle with vehicle collision,Residential areas
2.0,Unknown,Unknown,Asphalt roads,Darkness - lights lit,Normal,Collision with roadside objects,Unknown
2.0,Unknown,Unknown,Asphalt roads,Darkness - lights lit,Normal,Collision with roadside objects,Unknown
2.0,22:00:00,Sunday,Asphalt roads,Darkness - lights lit,Normal,Collision with roadside objects, Church areas
2.0,Unknown,Unknown,Asphalt roads,Daylight,Normal,Collision with roadside objects,Unknown
2.0,20:40:00,Thursday,Asphalt roads,Daylight,Normal,Collision with roadside objects,Other
2.0,Unknown,Unknown,Asphalt roads,Daylight,Normal,Vehicle with vehicle collision,Unknown
2.0,Unknown,Unknown,Asphalt roads,Darkness - lights lit,Normal,Vehicle with vehicle collision,Unknown
2.0,10:40:00,Monday,Asphalt roads,Darkness - lights lit,Normal,Vehicle with vehicle collision,Office areas
2.0,Unknown,Unknown,Asphalt roads,Daylight,Normal,Vehicle with vehicle collision,Unknown
2.0,14:13:00,Tuesday,Asphalt roads,Daylight,Normal,Vehicle with vehicle collision, Industrial areas
2.0,Unknown,Unknown,Asphalt roads,Darkness - lights lit,Normal,Vehicle with vehicle collision,Unknown
2.0,Unknown,Unknown,Asphalt roads,Daylight,Normal,Vehicle with vehicle collision,Unknown
1.0,Unknown,Unknown,Asphalt roads,Darkness - lights lit,Normal,Vehicle with vehicle collision,Unknown
2.0,22:45:00,Friday,Asphalt roads,Darkness - lights lit,Normal,Vehicle with vehicle collision,Residential areas
2.0,Unknown,Unknown,Asphalt roads,Daylight,Normal,Collision with pedestrians,Unknown
1.0,Unknown,Unknown,Asphalt roads,Daylight,Normal,Collision with roadside objects,Unknown
2.0,Unknown,Unknown,Asphalt roads,Daylight,Normal,Vehicle with vehicle collision,Unknown
2.0,12:00:00,Sunday,Asphalt roads,Daylight,Normal,Vehicle with vehicle collision, Hospital areas
2.0,Unknown,Unknown,Asphalt roads,Darkness - lights lit,Normal,Vehicle with vehicle collision,Unknown
2.0,21:55:00,Saturday,Asphalt roads,Darkness - lights lit,Normal,Vehicle with vehicle collision,Residential areas
2.0,Unknown,Unknown,Asphalt roads,Darkness - lights lit,Normal,Collision with animals,Unknown
2.0,1:10:00,Wednesday,Asphalt roads,Darkness - lights lit,Normal,Collision with animals,Office areas
1.0,Unknown,Unknown,Asphalt roads,Daylight,Normal,Vehicle with vehicle collision,Unknown
2.0,Unknown,Unknown,Asphalt roads,Daylight,Normal,Vehicle with vehicle collision,Unknown
2.0,14:50:00,Saturday,Asphalt roads,Daylight,Normal,Vehicle with vehicle collision,Office areas
2.0,19:25:00,Friday,Asphalt roads,Daylight,Normal,Vehicle with vehicle collision,Office areas
1.0,Unknown,Unknown,Asphalt roads,Daylight,Normal,Collision with animals,Unknown
2.0,9:18:00,Friday,Asphalt roads,Daylight,Normal,Collision with animals,Office areas
2.0,Unknown,Unknown,Other,Darkness - lights lit,Normal,Vehicle with vehicle collision,Unknown
2.0,20:50:00,Sunday,Other,Darkness - lights lit,Normal,Vehicle with vehicle collision, Church areas
2.0,Unknown,Unknown,Asphalt roads,Daylight,Normal,Vehicle with vehicle collision,Unknown
2.0,13:00:00,Saturday,Asphalt roads,Daylight,Normal,Vehicle with vehicle collision,Residential areas
2.0,Unknown,Unknown,Asphalt roads,Darkness - no lighting,Normal,Vehicle with vehicle collision,Unknown
2.0,13:01:00,Saturday,Asphalt roads,Darkness - no lighting,Normal,Vehicle with vehicle collision,Other
2.0,Unknown,Unknown,Asphalt roads,Daylight,Normal,Collision with pedestrians,Unknown
2.0,11:50:00,Saturday,Asphalt roads,Daylight,Normal,Collision with pedestrians,Other
2.0,Unknown,Unknown,Asphalt roads,Darkness - lights lit,Normal,Collision with roadside objects,Unknown
2.0,Unknown,Unknown,Asphalt roads,Darkness - lights lit,Normal,Collision with roadside objects,Unknown
2.0,Unknown,Unknown,Asphalt roads,Daylight,Normal,Vehicle with vehicle collision,Unknown
2.0,Unknown,Unknown,Earth roads,Daylight,Normal,Vehicle with vehicle collision,Unknown
2.0,14:00:00,Friday,Earth roads,Daylight,Normal,Vehicle with vehicle collision,  Market areas
2.0,Unknown,Unknown,Asphalt roads,Daylight,Normal,Vehicle with vehicle collision,Unknown
2.0,Unknown,Unknown,Asphalt roads,Daylight,Normal,Vehicle with vehicle collision,Unknown
2.0,Unknown,Unknown,Asphalt roads,Daylight,Normal,Vehicle with vehicle collision,Unknown
2.0,Unknown,Unknown,Asphalt roads,Daylight,Normal,Vehicle with vehicle collision,Unknown
2.0,18:40:00,Friday,Asphalt roads,Daylight,Normal,Vehicle with vehicle collision,Other
2.0,Unknown,Unknown,Asphalt roads,Daylight,Normal,Vehicle with vehicle collision,Unknown
2.0,Unknown,Unknown,Asphalt roads,Daylight,Normal,Vehicle with vehicle collision,Unknown
2.0,20:30:00,Monday,Asphalt roads,Daylight,Normal,Vehicle with vehicle collision,Other
1.0,Unknown,Unknown,Asphalt roads,Daylight,Normal,Collision with pedestrians,Unknown
2.0,9:25:00,Friday,Asphalt roads,Daylight,Normal,Collision with pedestrians,Other
2.0,Unknown,Unknown,Asphalt roads,Daylight,Normal,Collision with roadside objects,Unknown
2.0,Unknown,Unknown,Asphalt roads,Darkness - lights lit,Normal,Vehicle with vehicle collision,Unknown
2.0,Unknown,Unknown,Asphalt roads,Daylight,Normal,Vehicle with vehicle collision,Unknown
1.0,Unknown,Unknown,Asphalt roads,Daylight,Normal,Vehicle with vehicle collision,Unknown
2.0,Unknown,Unknown,Asphalt roads,Daylight,Normal,Vehicle with vehicle collision,Unknown
2.0,Unknown,Unknown,Asphalt roads,Daylight,Normal,Vehicle with vehicle collision,Unknown
2.0,14:10:00,Wednesday,Asphalt roads,Daylight,Normal,Vehicle with vehicle collision,Other
1.0,Unknown,Unknown,Asphalt roads,Daylight,Normal,Rollover,Unknown
1.0,Unknown,Unknown,Asphalt roads,Darkness - lights lit,Normal,Vehicle with vehicle collision,Unknown
2.0,22:04:00,Saturday,Asphalt roads,Darkness - lights lit,Normal,Vehicle with vehicle collision,Other
1.0,Unknown,Unknown,Asphalt roads,Darkness - lights lit,Normal,Vehicle with vehicle collision,Unknown
2.0,22:04:00,Saturday,Asphalt roads,Darkness - lights lit,Normal,Vehicle with vehicle collision,Residential areas
2.0,Unknown,Unknown,Asphalt roads,Daylight,Normal,Vehicle with vehicle collision,Unknown
2.0,Unknown,Unknown,Asphalt roads,Daylight,Normal,Vehicle with vehicle collision,Unknown
2.0,Unknown,Unknown,Asphalt roads,Daylight,Normal,Vehicle with vehicle collision,Unknown
1.0,Unknown,Unknown,Other,Daylight,Normal,With Train,Unknown
2.0,Unknown,Unknown,Asphalt roads,Daylight,Normal,Collision with roadside objects,Unknown
1.0,Unknown,Unknown,Asphalt roads,Darkness - lights lit,Normal,Vehicle with vehicle collision,Unknown
2.0,Unknown,Unknown,Asphalt roads,Daylight,Normal,Vehicle with vehicle collision,Unknown
2.0,15:40:00,Tuesday,Asphalt roads,Daylight,Normal,Vehicle with vehicle collision,Office areas
2.0,Unknown,Unknown,Asphalt roads,Darkness - lights lit,Normal,Collision with pedestrians,Unknown
2.0,Unknown,Unknown,Asphalt roads,Daylight,Normal,Collision with roadside objects,Unknown
2.0,Unknown,Unknown,Asphalt roads,Daylight,Normal,Vehicle with vehicle collision,Unknown
2.0,6:45:00,Friday,Asphalt roads,Daylight,Normal,Vehicle with vehicle collision, Church areas
2.0,Unknown,Unknown,Asphalt roads,Daylight,Normal,Vehicle with vehicle collision,Unknown
1.0,Unknown,Unknown,Asphalt roads,Daylight,Normal,Vehicle with vehicle collision,Unknown
2.0,Unknown,Unknown,Gravel roads,Daylight,Normal,Vehicle with vehicle collision,Unknown
2.0,Unknown,Unknown,Earth roads,Daylight,Normal,Collision with roadside objects,Unknown
2.0,Unknown,Unknown,Asphalt roads,Daylight,Normal,Vehicle with vehicle collision,Unknown
2.0,17:23:00,Tuesday,Asphalt roads,Daylight,Normal,Vehicle with vehicle collision,Office areas
2.0,Unknown,Unknown,Asphalt roads,Daylight,Normal,Collision with roadside objects,Unknown
1.0,Unknown,Unknown,Asphalt roads,Daylight,Normal,Collision with roadside objects,Unknown
2.0,16:49:00,Tuesday,Asphalt roads,Daylight,Normal,Collision with roadside objects,School areas
2.0,Unknown,Unknown,Asphalt roads,Daylight,Normal,Vehicle with vehicle collision,Unknown
2.0,15:30:00,Friday,Asphalt roads,Daylight,Normal,Vehicle with vehicle collision,Other
0.0,Unknown,Unknown,Asphalt roads,Daylight,Normal,Collision with pedestrians,Unknown
2.0,Unknown,Unknown,Asphalt roads,Darkness - lights lit,Normal,Vehicle with vehicle collision,Unknown
2.0,Unknown,Unknown,Asphalt roads,Daylight,Normal,Vehicle with vehicle collision,Unknown
2.0,13:35:00,Tuesday,Asphalt roads,Daylight,Normal,Vehicle with vehicle collision,Other
0.0,Unknown,Unknown,Asphalt roads,Daylight,Normal,Vehicle with vehicle collision,Unknown
2.0,Unknown,Unknown,Asphalt roads,Darkness - lights lit,Normal,Collision with roadside objects,Unknown
2.0,Unknown,Unknown,Asphalt roads,Darkness - lights lit,Normal,Vehicle with vehicle collision,Unknown
2.0,Unknown,Unknown,Asphalt roads,Darkness - lights lit,Normal,Vehicle with vehicle collision,Unknown
2.0,Unknown,Unknown,Asphalt roads,Daylight,Normal,Vehicle with vehicle collision,Unknown
1.0,Unknown,Unknown,Asphalt roads,Daylight,Normal,Vehicle with vehicle collision,Unknown
2.0,13:34:00,Friday,Asphalt roads,Daylight,Normal,Vehicle with vehicle collision,Other
2.0,Unknown,Unknown,Asphalt roads,Daylight,Normal,Vehicle with vehicle collision,Unknown
2.0,Unknown,Unknown,Asphalt roads,Darkness - lights lit,Normal,Vehicle with vehicle collision,Unknown
2.0,Unknown,Unknown,Asphalt roads,Darkness - lights lit,Normal,Vehicle with vehicle collision,Unknown
2.0,Unknown,Unknown,Asphalt roads,Daylight,Normal,Vehicle with vehicle collision,Unknown
2.0,9:32:00,Sunday,Asphalt roads,Daylight,Normal,Vehicle with vehicle collision,Other
2.0,Unknown,Unknown,Asphalt roads,Daylight,Normal,Vehicle with vehicle collision,Unknown
2.0,Unknown,Unknown,Asphalt roads,Daylight,Normal,Vehicle with vehicle collision,Unknown
1.0,Unknown,Unknown,Asphalt roads,Daylight,Normal,Vehicle with vehicle collision,Unknown
2.0,Unknown,Unknown,Asphalt roads,Daylight,Normal,Vehicle with vehicle collision,Unknown
2.0,Unknown,Unknown,Asphalt roads,Daylight,Normal,Vehicle with vehicle collision,Unknown
2.0,Unknown,Unknown,Asphalt roads,Daylight,Normal,Collision with pedestrians,Unknown
1.0,Unknown,Unknown,Asphalt roads,Darkness - lights lit,Normal,Vehicle with vehicle collision,Unknown
2.0,Unknown,Unknown,Asphalt roads,Daylight,Normal,Vehicle with vehicle collision,Unknown
1.0,Unknown,Unknown,Asphalt roads,Daylight,Normal,Vehicle with vehicle collision,Unknown
2.0,Unknown,Unknown,Asphalt roads,Daylight,Normal,Vehicle with vehicle collision,Unknown
2.0,15:00:00,Thursday,Asphalt roads,Daylight,Normal,Vehicle with vehicle collision,Other
2.0,Unknown,Unknown,Asphalt roads,Daylight,Normal,Vehicle with vehicle collision,Unknown
2.0,Unknown,Unknown,Asphalt roads,Daylight,Normal,Vehicle with vehicle collision,Unknown
2.0,15:30:00,Friday,Asphalt roads,Daylight,Normal,Vehicle with vehicle collision,Office areas
2.0,Unknown,Unknown,Asphalt roads,Daylight,Normal,Vehicle with vehicle collision,Unknown
2.0,Unknown,Unknown,Asphalt roads,Darkness - lights lit,Normal,Vehicle with vehicle collision,Unknown
2.0,Unknown,Unknown,Asphalt roads,Darkness - lights unlit,Normal,Vehicle with vehicle collision,Unknown
2.0,Unknown,Unknown,Asphalt roads,Daylight,Normal,Vehicle with vehicle collision,Unknown
2.0,6:45:00,Friday,Asphalt roads,Daylight,Normal,Vehicle with vehicle collision,Residential areas
1.0,Unknown,Unknown,Asphalt roads,Daylight,Normal,Vehicle with vehicle collision,Unknown
2.0,Unknown,Unknown,Asphalt roads,Daylight,Normal,Rollover,Unknown
2.0,Unknown,Unknown,Asphalt roads,Daylight,Normal,Rollover,Unknown
2.0,Unknown,Unknown,Asphalt roads,Daylight,Normal,Vehicle with vehicle collision,Unknown
2.0,Unknown,Unknown,Asphalt roads,Daylight,Normal,Vehicle with vehicle collision,Unknown
2.0,Unknown,Unknown,Asphalt roads,Daylight,Normal,Collision with roadside objects,Unknown
2.0,18:35:00,Monday,Asphalt roads,Daylight,Normal,Collision with roadside objects,Other
2.0,Unknown,Unknown,Asphalt roads,Daylight,Normal,Collision with pedestrians,Unknown
2.0,Unknown,Unknown,Gravel roads,Daylight,Normal,Vehicle with vehicle collision,Unknown
2.0,Unknown,Unknown,Asphalt roads,Daylight,Normal,Other,Unknown
0.0,Unknown,Unknown,Asphalt roads,Darkness - lights lit,Normal,Rollover,Unknown
2.0,Unknown,Unknown,Asphalt roads,Darkness - lights lit,Normal,Vehicle with vehicle collision,Unknown
2.0,Unknown,Unknown,Asphalt roads,Darkness - lights lit,Normal,Vehicle with vehicle collision,Unknown
2.0,Unknown,Unknown,Asphalt roads,Daylight,Normal,Vehicle with vehicle collision,Unknown
1.0,Unknown,Unknown,Gravel roads,Darkness - lights lit,Normal,Vehicle with vehicle collision,Unknown
2.0,Unknown,Unknown,Asphalt roads,Daylight,Normal,Rollover,Unknown
2.0,17:23:00,Tuesday,Asphalt roads,Daylight,Normal,Rollover,Residential areas
1.0,Unknown,Unknown,Asphalt roads,Darkness - lights lit,Normal,Vehicle with vehicle collision,Unknown
2.0,17:34:00,Friday,Asphalt roads,Darkness - lights lit,Normal,Vehicle with vehicle collision,Other
2.0,Unknown,Unknown,Asphalt roads,Daylight,Normal,Vehicle with vehicle collision,Unknown
2.0,Unknown,Unknown,Asphalt roads,Daylight,Normal,Vehicle with vehicle collision,Unknown
1.0,Unknown,Unknown,Asphalt roads,Daylight,Normal,Collision with roadside objects,Unknown
2.0,Unknown,Unknown,Asphalt roads,Daylight,Normal,Vehicle with vehicle collision,Unknown
2.0,13:35:00,Tuesday,Asphalt roads,Daylight,Normal,Vehicle with vehicle collision,Office areas
2.0,Unknown,Unknown,Asphalt roads,Daylight,Normal,Vehicle with vehicle collision,Unknown
2.0,Unknown,Unknown,Asphalt roads,Daylight,Normal,Vehicle with vehicle collision,Unknown
2.0,Unknown,Unknown,Asphalt roads,Daylight,Normal,Vehicle with vehicle collision,Unknown
2.0,Unknown,Unknown,Asphalt roads,Daylight,Normal,Vehicle with vehicle collision,Unknown
1.0,Unknown,Unknown,Asphalt roads,Daylight,Normal,Collision with pedestrians,Unknown
0.0,Unknown,Unknown,Asphalt roads,Daylight,Normal,Vehicle with vehicle collision,Unknown
2.0,Unknown,Unknown,Asphalt roads,Daylight,Normal,Collision with pedestrians,Unknown
2.0,Unknown,Unknown,Asphalt roads,Daylight,Normal,Collision with animals,Unknown
1.0,Unknown,Unknown,Asphalt roads,Darkness - lights lit,Normal,Vehicle with vehicle collision,Unknown
1.0,Unknown,Unknown,Gravel roads,Daylight,Normal,Vehicle with vehicle collision,Unknown
1.0,Unknown,Unknown,Asphalt roads,Daylight,Normal,Vehicle with vehicle collision,Unknown
2.0,Unknown,Unknown,Asphalt roads,Darkness - lights unlit,Normal,Vehicle with vehicle collision,Unknown
2.0,Unknown,Unknown,Asphalt roads,Darkness - no lighting,Normal,Vehicle with vehicle collision,Unknown
1.0,Unknown,Unknown,Asphalt roads,Daylight,Normal,Vehicle with vehicle collision,Unknown
2.0,Unknown,Unknown,Asphalt roads,Daylight,Normal,Collision with pedestrians,Unknown
2.0,19:30:00,Saturday,Asphalt roads,Daylight,Normal,Collision with pedestrians,Residential areas
2.0,Unknown,Unknown,Asphalt roads,Daylight,Normal,Vehicle with vehicle collision,Unknown
2.0,Unknown,Unknown,Asphalt roads,Daylight,Normal,Collision with roadside objects,Unknown
2.0,Unknown,Unknown,Gravel roads,Darkness - lights lit,Normal,Collision with roadside objects,Unknown
2.0,23:25:00,Thursday,Gravel roads,Darkness - lights lit,Normal,Collision with roadside objects,Residential areas
1.0,Unknown,Unknown,Asphalt roads,Daylight,Normal,Vehicle with vehicle collision,Unknown
2.0,13:34:00,Friday,Asphalt roads,Daylight,Normal,Vehicle with vehicle collision,Office areas
2.0,Unknown,Unknown,Asphalt roads,Daylight,Normal,Vehicle with vehicle collision,Unknown
2.0,20:30:00,Monday,Asphalt roads,Daylight,Normal,Vehicle with vehicle collision,Office areas
2.0,Unknown,Unknown,Gravel roads,Darkness - lights lit,Normal,Vehicle with vehicle collision,Unknown
2.0,Unknown,Unknown,Asphalt roads,Daylight,Normal,Vehicle with vehicle collision,Unknown
2.0,Unknown,Unknown,Asphalt roads,Daylight,Normal,Collision with roadside objects,Unknown
2.0,Unknown,Unknown,Other,Daylight,Normal,Collision with pedestrians,Unknown
2.0,Unknown,Unknown,Asphalt roads,Darkness - lights lit,Normal,Vehicle with vehicle collision,Unknown
2.0,Unknown,Unknown,Asphalt roads,Daylight,Normal,Vehicle with vehicle collision,Unknown
1.0,Unknown,Unknown,Asphalt roads,Daylight,Normal,Vehicle with vehicle collision,Unknown
2.0,12:03:00,Thursday,Asphalt roads,Daylight,Normal,Vehicle with vehicle collision,Other
2.0,Unknown,Unknown,Asphalt roads,Darkness - lights lit,Normal,Vehicle with vehicle collision,Unknown
2.0,Unknown,Unknown,Asphalt roads,Darkness - lights lit,Normal,Vehicle with vehicle collision,Unknown
2.0,22:40:00,Sunday,Asphalt roads,Darkness - lights lit,Normal,Vehicle with vehicle collision,Other
2.0,Unknown,Unknown,Asphalt roads,Daylight,Normal,Vehicle with vehicle collision,Unknown
2.0,Unknown,Unknown,Asphalt roads,Daylight,Normal,Vehicle with vehicle collision,Unknown
2.0,Unknown,Unknown,Asphalt roads,Daylight,Normal,Vehicle with vehicle collision,Unknown
2.0,Unknown,Unknown,Asphalt roads,Daylight,Normal,Vehicle with vehicle collision,Unknown
2.0,15:00:00,Thursday,Asphalt roads,Daylight,Normal,Vehicle with vehicle collision,Other
1.0,Unknown,Unknown,Asphalt roads,Daylight,Normal,Vehicle with vehicle collision,Unknown
2.0,14:10:00,Wednesday,Asphalt roads,Daylight,Normal,Vehicle with vehicle collision,Office areas
2.0,Unknown,Unknown,Asphalt roads,Daylight,Normal,Vehicle with vehicle collision,Unknown
2.0,Unknown,Unknown,Asphalt roads,Daylight,Normal,Vehicle with vehicle collision,Unknown
2.0,Unknown,Unknown,Asphalt roads,Darkness - lights lit,Normal,Vehicle with vehicle collision,Unknown
1.0,Unknown,Unknown,Asphalt roads,Daylight,Normal,Vehicle with vehicle collision,Unknown
2.0,Unknown,Unknown,Asphalt roads,Darkness - lights lit,Normal,Vehicle with vehicle collision,Unknown
2.0,22:40:00,Sunday,Asphalt roads,Darkness - lights lit,Normal,Vehicle with vehicle collision,Residential areas
2.0,Unknown,Unknown,Asphalt roads,Daylight,Normal,Vehicle with vehicle collision,Unknown
2.0,Unknown,Unknown,Asphalt roads,Daylight,Normal,Vehicle with vehicle collision,Unknown
2.0,Unknown,Unknown,Asphalt roads,Daylight,Normal,Vehicle with vehicle collision,Unknown
2.0,Unknown,Unknown,Asphalt roads,Daylight,Normal,Collision with pedestrians,Unknown
2.0,Unknown,Unknown,Asphalt roads,Darkness - lights lit,Normal,Vehicle with vehicle collision,Unknown