accident_severity,time,day_of_week,road_surface_type,light_conditions,weather_conditions,type_of_collision,area_accident_occured
2.0,Unknown,Unknown,Asphalt roads,Daylight,Raining,Vehicle with vehicle collision,Unknown
2.0,11:10:00,Sunday,Asphalt roads,Daylight,Raining,Vehicle with vehicle collision,Other
2.0,Unknown,Unknown,Earth roads,Daylight,Raining,Collision with roadside objects,Unknown
2.0,16:32:00,Monday,Earth roads,Daylight,Raining,Collision with roadside objects,Other
1.0,Unknown,Unknown,Asphalt roads,Darkness - lights lit,Raining,Vehicle with vehicle collision,Unknown
2.0,22:05:00,Friday,Asphalt roads,Darkness - lights lit,Raining,Vehicle with vehicle collision, Outside rural areas
2.0,Unknown,Unknown,Asphalt roads,Darkness - lights lit,Raining,Collision with pedestrians,Unknown
2.0,17:45:00,Tuesday,Asphalt roads,Darkness - lights lit,Raining,Collision with pedestrians, Industrial areas
2.0,Unknown,Unknown,Asphalt roads,Daylight,Raining,Unknown,Unknown
0.0,Unknown,Unknown,Asphalt roads,Darkness - lights lit,Raining,Vehicle with vehicle collision,Unknown
2.0,22:48:00,Monday,Asphalt roads,Darkness - lights lit,Raining,Vehicle with vehicle collision, Industrial areas
2.0,9:17:00,Tuesday,Asphalt roads,Daylight,Raining,,Other
2.0,Unknown,Unknown,Asphalt roads,Darkness - lights lit,Raining,Vehicle with vehicle collision,Unknown
2.0,18:05:00,Tuesday,Asphalt roads,Darkness - lights lit,Raining,Vehicle with vehicle collision,Other
2.0,Unknown,Unknown,Asphalt roads,Daylight,Raining,Vehicle with vehicle collision,Unknown
2.0,11:10:00,Sunday,Asphalt roads,Daylight,Raining,Vehicle with vehicle collision,School areas
1.0,Unknown,Unknown,Asphalt roads,Daylight,Raining,Vehicle with vehicle collision,Unknown
2.0,15:23:00,Wednesday,Asphalt roads,Daylight,Raining,Vehicle with vehicle collision,School areas
2.0,Unknown,Unknown,Asphalt roads,Daylight,Raining,Vehicle with vehicle collision,Unknown
2.0,7:58:00,Thursday,Asphalt roads,Daylight,Raining,Vehicle with vehicle collision,Residential areas
2.0,Unknown,Unknown,Asphalt roads,Darkness - lights lit,Raining,Collision with pedestrians,Unknown
2.0,17:45:00,Tuesday,Asphalt roads,Darkness - lights lit,Raining,Collision with pedestrians, Church areas
2.0,Unknown,Unknown,Asphalt roads,Daylight,Raining,Rollover,Unknown
2.0,11:10:00,Saturday,Asphalt roads,Daylight,Raining,Rollover,Office areas
1.0,Unknown,Unknown,Asphalt roads,Daylight,Raining,Vehicle with vehicle collision,Unknown
2.0,13:45:00,Thursday,Asphalt roads,Daylight,Raining,Vehicle with vehicle collision,Residential areas
1.0,Unknown,Unknown,Asphalt roads,Daylight,Raining,Vehicle with vehicle collision,Unknown
2.0,11:35:00,Friday,Asphalt roads,Daylight,Raining,Vehicle with vehicle collision,Other
2.0,Unknown,Unknown,Asphalt roads,Darkness - lights lit,Raining,Vehicle with vehicle collision,Unknown
2.0,21:12:00,Wednesday,Asphalt roads,Darkness - lights lit,Raining,Vehicle with vehicle collision,Other
2.0,Unknown,Unknown,Asphalt roads,Daylight,Raining,Vehicle with vehicle collision,Unknown
2.0,18:34:00,Tuesday,Asphalt roads,Daylight,Raining,Vehicle with vehicle collision,Other
1.0,Unknown,Unknown,Asphalt roads,Daylight,Raining,Vehicle with vehicle collision,Unknown
2.0,11:35:00,Friday,Asphalt roads,Daylight,Raining,Vehicle with vehicle collision,Residential areas
2.0,Unknown,Unknown,Asphalt roads,Daylight,Raining,Vehicle with vehicle collision,Unknown
2.0,6:54:00,Sunday,Asphalt roads,Daylight,Raining,Vehicle with vehicle collision,Other
1.0,Unknown,Unknown,Asphalt roads,Daylight,Raining,Vehicle with vehicle collision,Unknown
2.0,18:40:00,Friday,Asphalt roads,Daylight,Raining,Vehicle with vehicle collision,Other
1.0,Unknown,Unknown,Asphalt roads,Darkness - lights lit,Raining,Vehicle with vehicle collision,Unknown
2.0,22:05:00,Friday,Asphalt roads,Darkness - lights lit,Raining,Vehicle with vehicle collision, Outside rural areas
2.0,Unknown,Unknown,Asphalt roads,Daylight,Raining,Vehicle with vehicle collision,Unknown
2.0,9:45:00,Wednesday,Asphalt roads,Daylight,Raining,Vehicle with vehicle collision,School areas
2.0,Unknown,Unknown,Asphalt roads,Daylight,Raining,Vehicle with vehicle collision,Unknown
2.0,8:43:00,Wednesday,Asphalt roads,Daylight,Raining,Vehicle with vehicle collision, Outside rural areas
2.0,Unknown,Unknown,Asphalt roads,Daylight,Raining,Vehicle with vehicle collision,Unknown
2.0,21:15:00,Sunday,Asphalt roads,Daylight,Raining,Vehicle with vehicle collision,Office areas
2.0,Unknown,Unknown,Asphalt roads,Darkness - lights lit,Raining,Vehicle with vehicle collision,Unknown
2.0,19:19:00,Friday,Asphalt roads,Darkness - lights lit,Raining,Vehicle with vehicle collision,  Recreational areas
2.0,Unknown,Unknown,Asphalt roads,Daylight,Raining,Vehicle with vehicle collision,Unknown
2.0,15:36:00,Tuesday,Asphalt roads,Daylight,Raining,Vehicle with vehicle collision, Church areas
2.0,Unknown,Unknown,Asphalt roads,Daylight,Raining,Vehicle with vehicle collision,Unknown
2.0,18:20:00,Sunday,Asphalt roads,Daylight,Raining,Vehicle with vehicle collision,Residential areas
2.0,Unknown,Unknown,Asphalt roads,Darkness - lights lit,Raining,Vehicle with vehicle collision,Unknown
2.0,Unknown,Unknown,Asphalt roads,Darkness - lights lit,Raining,Collision with roadside objects,Unknown
2.0,Unknown,Unknown,Asphalt roads,Daylight,Raining,Vehicle with vehicle collision,Unknown
2.0,Unknown,Unknown,Asphalt roads,Daylight,Raining,Rollover,Unknown
2.0,17:45:00,Tuesday,Asphalt roads,Daylight,Raining,Rollover,Office areas
2.0,Unknown,Unknown,Asphalt roads,Daylight,Raining,Vehicle with vehicle collision,Unknown
2.0,11:01:00,Wednesday,Asphalt roads,Daylight,Raining,Vehicle with vehicle collision,Office areas
2.0,17:43:00,Wednesday,Asphalt roads,Darkness - lights lit,Raining,Vehicle with vehicle collision, Outside rural areas
2.0,1:20:00,Monday,Asphalt roads,Darkness - lights lit,Raining,Collision with roadside objects,Office areas
2.0,9:45:00,Monday,Asphalt roads,Daylight,Raining,Vehicle with vehicle collision,Other
2.0,Unknown,Unknown,Asphalt roads,Daylight,Raining,Collision with roadside objects,Unknown
2.0,11:15:00,Monday,Asphalt roads,Daylight,Raining,Collision with roadside objects,Other
2.0,Unknown,Unknown,Asphalt roads,Daylight,Raining,Vehicle with vehicle collision,Unknown
2.0,14:00:00,Saturday,Asphalt roads,Daylight,Raining,Vehicle with vehicle collision,School areas
2.0,Unknown,Unknown,Asphalt roads,Daylight,Raining,Rollover,Unknown
2.0,11:05:00,Thursday,Asphalt roads,Daylight,Raining,Rollover,Office areas
2.0,Unknown,Unknown,Asphalt roads,Daylight,Raining,Collision with pedestrians,Unknown
2.0,6:03:00,Friday,Asphalt roads,Daylight,Raining,Collision with pedestrians,Unknown
2.0,Unknown,Unknown,Asphalt roads,Daylight,Raining,Collision with roadside objects,Unknown
2.0,8:40:00,Wednesday,Asphalt roads,Daylight,Raining,Collision with roadside objects,Residential areas
2.0,Unknown,Unknown,Asphalt roads,Daylight,Raining,Vehicle with vehicle collision,Unknown
2.0,11:10:00,Sunday,Asphalt roads,Daylight,Raining,Vehicle with vehicle collision,Office areas
2.0,Unknown,Unknown,Asphalt roads,Daylight,Raining,Vehicle with vehicle collision,Unknown
2.0,19:15:00,Monday,Asphalt roads,Daylight,Raining,Vehicle with vehicle collision,Other
2.0,Unknown,Unknown,Asphalt roads,Darkness - lights lit,Raining,Rollover,Unknown
2.0,20:01:00,Sunday,Asphalt roads,Darkness - lights lit,Raining,Rollover,Unknown
2.0,Unknown,Unknown,Asphalt roads,Daylight,Raining,Vehicle with vehicle collision,Unknown
2.0,18:50:00,Monday,Asphalt roads,Daylight,Raining,Vehicle with vehicle collision, Church areas
2.0,Unknown,Unknown,Asphalt roads,Darkness - lights lit,Raining,Collision with pedestrians,Unknown
2.0,17:11:00,Sunday,Asphalt roads,Darkness - lights lit,Raining,Collision with pedestrians,Other
2.0,Unknown,Unknown,Asphalt roads,Daylight,Raining,Vehicle with vehicle collision,Unknown
2.0,18:47:00,Friday,Asphalt roads,Daylight,Raining,Vehicle with vehicle collision,Office areas
2.0,Unknown,Unknown,Asphalt roads,Daylight,Raining,Vehicle with vehicle collision,Unknown
2.0,12:07:00,Wednesday,Asphalt roads,Daylight,Raining,Vehicle with vehicle collision,Residential areas
2.0,Unknown,Unknown,Asphalt roads,Darkness - lights lit,Raining,Collision with roadside objects,Unknown
2.0,20:35:00,Monday,Asphalt roads,Darkness - lights lit,Raining,Collision with roadside objects,Other
2.0,Unknown,Unknown,Asphalt roads,Darkness - lights lit,Raining,Vehicle with vehicle collision,Unknown
2.0,6:33:00,Monday,Asphalt roads,Darkness - lights lit,Raining,Vehicle with vehicle collision,Office areas
1.0,Unknown,Unknown,Asphalt roads,Darkness - lights lit,Raining,Vehicle with vehicle collision,Unknown
2.0,19:41:00,Thursday,Asphalt roads,Darkness - lights lit,Raining,Vehicle with vehicle collision,  Market areas
2.0,Unknown,Unknown,Asphalt roads,Darkness - lights lit,Raining,Vehicle with vehicle collision,Unknown
2.0,2:00:00,Friday,Asphalt roads,Darkness - lights lit,Raining,Vehicle with vehicle collision,Office areas
2.0,Unknown,Unknown,Asphalt roads,Daylight,Raining,Vehicle with vehicle collision,Unknown
2.0,16:17:00,Wednesday,Asphalt roads,Daylight,Raining,Vehicle with vehicle collision,Office areas
2.0,Unknown,Unknown,Asphalt roads,Daylight,Raining,Vehicle with vehicle collision,Unknown
2.0,7:41:00,Wednesday,Asphalt roads,Daylight,Raining,Vehicle with vehicle collision,Office areas
2.0,Unknown,Unknown,Asphalt roads,Darkness - lights lit,Raining,Rollover,Unknown
2.0,21:25:00,Monday,Asphalt roads,Darkness - lights lit,Raining,Rollover,Residential areas
2.0,Unknown,Unknown,Asphalt roads,Daylight,Raining,Vehicle with vehicle collision,Unknown
2.0,12:15:00,Wednesday,Asphalt roads,Daylight,Raining,Vehicle with vehicle collision,Unknown
2.0,Unknown,Unknown,Earth roads,Daylight,Raining,Vehicle with vehicle collision,Unknown
2.0,12:45:00,Saturday,Earth roads,Daylight,Raining,Vehicle with vehicle collision,Office areas
2.0,Unknown,Unknown,Asphalt roads,Darkness - lights lit,Raining,Vehicle with vehicle collision,Unknown
2.0,19:39:00,Sunday,Asphalt roads,Darkness - lights lit,Raining,Vehicle with vehicle collision,Office areas
1.0,Unknown,Unknown,Asphalt roads,Darkness - lights lit,Raining,Collision with pedestrians,Unknown
2.0,22:35:00,Monday,Asphalt roads,Darkness - lights lit,Raining,Collision with pedestrians, Outside rural areas
2.0,Unknown,Unknown,Asphalt roads,Darkness - lights lit,Raining,Vehicle with vehicle collision,Unknown
2.0,14:57:00,Sunday,Asphalt roads,Darkness - lights lit,Raining,Vehicle with vehicle collision, Church areas
2.0,Unknown,Unknown,Asphalt roads with some distress,Daylight,Raining,Vehicle with vehicle collision,Unknown
2.0,9:55:00,Monday,Asphalt roads with some distress,Daylight,Raining,Vehicle with vehicle collision,Residential areas
2.0,Unknown,Unknown,Asphalt roads,Darkness - lights lit,Raining,Collision with roadside objects,Unknown
2.0,18:30:00,Wednesday,Asphalt roads,Darkness - lights lit,Raining,Collision with roadside objects,Other
2.0,Unknown,Unknown,Asphalt roads,Daylight,Raining,Vehicle with vehicle collision,Unknown
2.0,12:15:00,Wednesday,Asphalt roads,Daylight,Raining,Vehicle with vehicle collision,Office areas
2.0,Unknown,Unknown,Asphalt roads,Darkness - lights lit,Raining,Vehicle with vehicle collision,Unknown
2.0,17:50:00,Saturday,Asphalt roads,Darkness - lights lit,Raining,Vehicle with vehicle collision,Office areas
2.0,Unknown,Unknown,Asphalt roads,Darkness - lights lit,Raining,Collision with roadside objects,Unknown
2.0,5:15:00,Monday,Asphalt roads,Darkness - lights lit,Raining,Collision with roadside objects,Residential areas
2.0,Unknown,Unknown,Asphalt roads,Darkness - lights lit,Raining,Unknown,Unknown
2.0,18:35:00,Wednesday,Asphalt roads,Darkness - lights lit,Raining,Unknown,Residential areas
2.0,Unknown,Unknown,Asphalt roads,Daylight,Raining,Vehicle with vehicle collision,Unknown
2.0,14:28:00,Saturday,Asphalt roads,Daylight,Raining,Vehicle with vehicle collision,Other
2.0,Unknown,Unknown,Asphalt roads,Daylight,Raining,Vehicle with vehicle collision,Unknown
2.0,7:50:00,Thursday,Asphalt roads,Daylight,Raining,Vehicle with vehicle collision,Residential areas
2.0,Unknown,Unknown,Asphalt roads,Daylight,Raining,Vehicle with vehicle collision,Unknown
2.0,13:02:00,Monday,Asphalt roads,Daylight,Raining,Vehicle with vehicle collision,Office areas
2.0,Unknown,Unknown,Asphalt roads,Darkness - lights lit,Raining,Vehicle with vehicle collision,Unknown
2.0,19:31:00,Wednesday,Asphalt roads,Darkness - lights lit,Raining,Vehicle with vehicle collision,  Recreational areas
2.0,Unknown,Unknown,Asphalt roads,Daylight,Raining,Vehicle with vehicle collision,Unknown
2.0,14:00:00,Sunday,Asphalt roads,Daylight,Raining,Vehicle with vehicle collision,Other
2.0,Unknown,Unknown,Asphalt roads,Daylight,Raining,Vehicle with vehicle collision,Unknown
2.0,12:48:00,Sunday,Asphalt roads,Daylight,Raining,Vehicle with vehicle collision,Other
2.0,Unknown,Unknown,Asphalt roads,Daylight,Raining,Vehicle with vehicle collision,Unknown
2.0,19:50:00,Friday,Asphalt roads,Daylight,Raining,Vehicle with vehicle collision,  Recreational areas
2.0,Unknown,Unknown,Gravel roads,Darkness - lights lit,Raining,Vehicle with vehicle collision,Unknown
2.0,22:35:00,Monday,Gravel roads,Darkness - lights lit,Raining,Vehicle with vehicle collision,Office areas
2.0,Unknown,Unknown,Asphalt roads,Darkness - lights lit,Raining,Vehicle with vehicle collision,Unknown
2.0,22:45:00,Monday,Asphalt roads,Darkness - lights lit,Raining,Vehicle with vehicle collision,Other
2.0,Unknown,Unknown,Asphalt roads,Darkness - lights lit,Raining,Vehicle with vehicle collision,Unknown
2.0,22:45:00,Monday,Asphalt roads,Darkness - lights lit,Raining,Vehicle with vehicle collision,Other
2.0,Unknown,Unknown,Asphalt roads,Darkness - lights lit,Raining,Vehicle with vehicle collision,Unknown
2.0,22:45:00,Monday,Asphalt roads,Darkness - lights lit,Raining,Vehicle with vehicle collision,Other
2.0,Unknown,Unknown,Asphalt roads,Daylight,Raining,Vehicle with vehicle collision,Unknown
2.0,18:59:00,Monday,Asphalt roads,Daylight,Raining,Vehicle with vehicle collision,Office areas
2.0,Unknown,Unknown,Asphalt roads,Daylight,Raining,Vehicle with vehicle collision,Unknown
2.0,18:59:00,Monday,Asphalt roads,Daylight,Raining,Vehicle with vehicle collision,Office areas
2.0,Unknown,Unknown,Asphalt roads,Darkness - lights lit,Raining,Vehicle with vehicle collision,Unknown
2.0,19:31:00,Wednesday,Asphalt roads,Darkness - lights lit,Raining,Vehicle with vehicle collision, Church areas
2.0,Unknown,Unknown,Asphalt roads,Darkness - lights lit,Raining,Vehicle with vehicle collision,Unknown
2.0,4:45:00,Saturday,Asphalt roads,Darkness - lights lit,Raining,Vehicle with vehicle collision,Office areas
2.0,Unknown,Unknown,Asphalt roads,Daylight,Raining,Vehicle with vehicle collision,Unknown
2.0,7:55:00,Wednesday,Asphalt roads,Daylight,Raining,Vehicle with vehicle collision, Church areas
2.0,Unknown,Unknown,Asphalt roads,Darkness - lights lit,Raining,Vehicle with vehicle collision,Unknown
2.0,23:45:00,Friday,Asphalt roads,Darkness - lights lit,Raining,Vehicle with vehicle collision,Residential areas
2.0,Unknown,Unknown,Asphalt roads,Darkness - lights lit,Raining,Vehicle with vehicle collision,Unknown
2.0,22:35:00,Monday,Asphalt roads,Darkness - lights lit,Raining,Vehicle with vehicle collision,Other
2.0,Unknown,Unknown,Asphalt roads,Daylight,Raining,Collision with roadside objects,Unknown
2.0,15:40:00,Tuesday,Asphalt roads,Daylight,Raining,Collision with roadside objects,Office areas
2.0,Unknown,Unknown,Asphalt roads,Daylight,Raining,Collision with roadside objects,Unknown
2.0,7:55:00,Wednesday,Asphalt roads,Daylight,Raining,Collision with roadside objects,Other
2.0,Unknown,Unknown,Asphalt roads,Darkness - lights lit,Raining,Vehicle with vehicle collision,Unknown
2.0,22:35:00,Monday,Asphalt roads,Darkness - lights lit,Raining,Vehicle with vehicle collision,Residential areas
2.0,Unknown,Unknown,Asphalt roads,Daylight,Raining,Vehicle with vehicle collision,Unknown
2.0,9:20:00,Thursday,Asphalt roads,Daylight,Raining,Vehicle with vehicle collision,Other
2.0,Unknown,Unknown,Asphalt roads,Daylight,Raining,Vehicle with vehicle collision,Unknown
2.0,9:20:00,Thursday,Asphalt roads,Daylight,Raining,Vehicle with vehicle collision,Office areas
2.0,Unknown,Unknown,Asphalt roads,Daylight,Raining,Collision with pedestrians,Unknown
2.0,12:48:00,Sunday,Asphalt roads,Daylight,Raining,Collision with pedestrians,Residential areas
2.0,Unknown,Unknown,Asphalt roads,Daylight,Raining,Vehicle with vehicle collision,Unknown
2.0,17:40:00,Friday,Asphalt roads,Daylight,Raining,Vehicle with vehicle collision,Residential areas
2.0,Unknown,Unknown,Asphalt roads,Darkness - no lighting,Raining,Vehicle with vehicle collision,Unknown
2.0,16:42:00,Tuesday,Asphalt roads,Darkness - no lighting,Raining,Vehicle with vehicle collision,School areas
2.0,Unknown,Unknown,Asphalt roads,Daylight,Raining,Vehicle with vehicle collision,Unknown
2.0,15:25:00,Sunday,Asphalt roads,Daylight,Raining,Vehicle with vehicle collision,Other
2.0,Unknown,Unknown,Asphalt roads,Darkness - lights lit,Raining,Vehicle with vehicle collision,Unknown
2.0,20:17:00,Thursday,Asphalt roads,Darkness - lights lit,Raining,Vehicle with vehicle collision,  Recreational areas
2.0,Unknown,Unknown,Asphalt roads,Darkness - lights lit,Raining,Vehicle with vehicle collision,Unknown
2.0,18:30:00,Monday,Asphalt roads,Darkness - lights lit,Raining,Vehicle with vehicle collision, Church areas
2.0,Unknown,Unknown,Asphalt roads,Darkness - lights lit,Raining,Collision with roadside objects,Unknown
2.0,5:50:00,Wednesday,Asphalt roads,Darkness - lights lit,Raining,Collision with roadside objects,Other
2.0,Unknown,Unknown,Asphalt roads,Daylight,Raining,Collision with roadside objects,Unknown
2.0,8:45:00,Thursday,Asphalt roads,Daylight,Raining,Collision with roadside objects,Office areas
2.0,Unknown,Unknown,Asphalt roads,Daylight,Raining,Collision with roadside objects,Unknown
2.0,9:00:00,Friday,Asphalt roads,Daylight,Raining,Collision with roadside objects,Other
2.0,Unknown,Unknown,Asphalt roads,Daylight,Raining,Vehicle with vehicle collision,Unknown
2.0,9:50:00,Friday,Asphalt roads,Daylight,Raining,Vehicle with vehicle collision,Residential areas
2.0,Unknown,Unknown,Asphalt roads,Daylight,Raining,Vehicle with vehicle collision,Unknown
2.0,16:02:00,Monday,Asphalt roads,Daylight,Raining,Vehicle with vehicle collision, Church areas
0.0,Unknown,Unknown,Asphalt roads,Daylight,Raining,Collision with pedestrians,Unknown
2.0,20:30:00,Sunday,Asphalt roads,Daylight,Raining,Collision with pedestrians,  Recreational areas
2.0,Unknown,Unknown,Asphalt roads,Daylight,Raining,Collision with roadside objects,Unknown
2.0,18:40:00,Thursday,Asphalt roads,Daylight,Raining,Collision with roadside objects,Residential areas
2.0,Unknown,Unknown,Asphalt roads,Daylight,Raining,Vehicle with vehicle collision,Unknown
2.0,7:45:00,Friday,Asphalt roads,Daylight,Raining,Vehicle with vehicle collision,  Recreational areas
2.0,Unknown,Unknown,Asphalt roads,Darkness - no lighting,Raining,Collision with pedestrians,Unknown
2.0,19:31:00,Wednesday,Asphalt roads,Darkness - no lighting,Raining,Collision with pedestrians,Residential areas
2.0,Unknown,Unknown,Asphalt roads,Daylight,Raining,Rollover,Unknown
2.0,8:20:00,Thursday,Asphalt roads,Daylight,Raining,Rollover, Church areas
2.0,Unknown,Unknown,Asphalt roads,Darkness - lights lit,Raining,Vehicle with vehicle collision,Unknown
2.0,4:44:00,Thursday,Asphalt roads,Darkness - lights lit,Raining,Vehicle with vehicle collision, Church areas
2.0,Unknown,Unknown,Asphalt roads,Daylight,Raining,Vehicle with vehicle collision,Unknown
2.0,15:55:00,Thursday,Asphalt roads,Daylight,Raining,Vehicle with vehicle collision, Church areas
2.0,Unknown,Unknown,Asphalt roads,Daylight,Raining,Vehicle with vehicle collision,Unknown
2.0,17:20:00,Saturday,Asphalt roads,Daylight,Raining,Vehicle with vehicle collision,Office areas
2.0,Unknown,Unknown,Asphalt roads,Daylight,Raining,Vehicle with vehicle collision,Unknown
2.0,9:47:00,Saturday,Asphalt roads,Daylight,Raining,Vehicle with vehicle collision,Residential areas
2.0,Unknown,Unknown,Asphalt roads,Darkness - lights lit,Raining,Vehicle with vehicle collision,Unknown
2.0,4:00:00,Friday,Asphalt roads,Darkness - lights lit,Raining,Vehicle with vehicle collision,Office areas
2.0,Unknown,Unknown,Asphalt roads,Darkness - lights lit,Raining,Collision with animals,Unknown
2.0,19:50:00,Monday,Asphalt roads,Darkness - lights lit,Raining,Collision with animals,Office areas
2.0,Unknown,Unknown,Asphalt roads,Darkness - lights lit,Raining,Collision with pedestrians,Unknown
2.0,4:00:00,Friday,Asphalt roads,Darkness - lights lit,Raining,Collision with pedestrians,Other
2.0,Unknown,Unknown,Asphalt roads,Darkness - lights lit,Raining,Rollover,Unknown
2.0,19:50:00,Monday,Asphalt roads,Darkness - lights lit,Raining,Rollover,Office areas
2.0,Unknown,Unknown,Asphalt roads,Darkness - lights lit,Raining,Vehicle with vehicle collision,Unknown
2.0,3:55:00,Monday,Asphalt roads,Darkness - lights lit,Raining,Vehicle with vehicle collision,Office areas
2.0,Unknown,Unknown,Asphalt roads,Darkness - lights lit,Raining,Vehicle with vehicle collision,Unknown
2.0,23:40:00,Tuesday,Asphalt roads,Darkness - lights lit,Raining,Vehicle with vehicle collision,Office areas
2.0,Unknown,Unknown,Asphalt roads,Darkness - lights lit,Raining,Vehicle with vehicle collision,Unknown
2.0,17:35:00,Wednesday,Asphalt roads,Darkness - lights lit,Raining,Vehicle with vehicle collision,Residential areas
2.0,Unknown,Unknown,Asphalt roads,Darkness - lights lit,Raining,Vehicle with vehicle collision,Unknown
2.0,17:35:00,Wednesday,Asphalt roads,Darkness - lights lit,Raining,Vehicle with vehicle collision,Residential areas
2.0,Unknown,Unknown,Asphalt roads,Daylight,Raining,Vehicle with vehicle collision,Unknown
2.0,5:20:00,Thursday,Asphalt roads,Daylight,Raining,Vehicle with vehicle collision,Office areas
2.0,Unknown,Unknown,Asphalt roads,Daylight,Raining,Vehicle with vehicle collision,Unknown
2.0,15:42:00,Sunday,Asphalt roads,Daylight,Raining,Vehicle with vehicle collision,Other
2.0,Unknown,Unknown,Asphalt roads,Daylight,Raining,Vehicle with vehicle collision,Unknown
2.0,14:00:00,Saturday,Asphalt roads,Daylight,Raining,Vehicle with vehicle collision,Other
2.0,Unknown,Unknown,Asphalt roads,Daylight,Raining,Vehicle with vehicle collision,Unknown
2.0,20:40:00,Friday,Asphalt roads,Daylight,Raining,Vehicle with vehicle collision,Residential areas
1.0,Unknown,Unknown,Asphalt roads,Darkness - lights lit,Raining,Collision with animals,Unknown
2.0,22:45:00,Monday,Asphalt roads,Darkness - lights lit,Raining,Collision with animals,Office areas
1.0,Unknown,Unknown,Asphalt roads,Darkness - lights lit,Raining,Collision with animals,Unknown
2.0,22:14:00,Thursday,Asphalt roads,Darkness - lights lit,Raining,Collision with animals,  Recreational areas
2.0,Unknown,Unknown,Asphalt roads,Darkness - lights lit,Raining,Collision with roadside objects,Unknown
2.0,17:45:00,Wednesday,Asphalt roads,Darkness - lights lit,Raining,Collision with roadside objects,Residential areas
2.0,Unknown,Unknown,Asphalt roads,Daylight,Raining,Vehicle with vehicle collision,Unknown
2.0,23:10:00,Friday,Asphalt roads,Daylight,Raining,Vehicle with vehicle collision,Office areas
2.0,Unknown,Unknown,Asphalt roads,Daylight,Raining,Vehicle with vehicle collision,Unknown
2.0,18:20:00,Sunday,Asphalt roads,Daylight,Raining,Vehicle with vehicle collision,Office areas
1.0,Unknown,Unknown,Asphalt roads,Darkness - lights lit,Raining,Collision with pedestrians,Unknown
2.0,18:40:00,Friday,Asphalt roads,Darkness - lights lit,Raining,Collision with pedestrians,Office areas
2.0,Unknown,Unknown,Asphalt roads,Darkness - lights lit,Raining,Collision with pedestrians,Unknown
2.0,17:50:00,Saturday,Asphalt roads,Darkness - lights lit,Raining,Collision with pedestrians,Office areas
2.0,Unknown,Unknown,Asphalt roads,Darkness - lights lit,Raining,Collision with pedestrians,Unknown
2.0,19:31:00,Thursday,Asphalt roads,Darkness - lights lit,Raining,Collision with pedestrians, Church areas
1.0,Unknown,Unknown,Asphalt roads,Daylight,Raining,Collision with pedestrians,Unknown
2.0,13:00:00,Thursday,Asphalt roads,Daylight,Raining,Collision with pedestrians, Industrial areas
2.0,Unknown,Unknown,Asphalt roads,Daylight,Raining,Collision with pedestrians,Unknown
2.0,15:30:00,Tuesday,Asphalt roads,Daylight,Raining,Collision with pedestrians,School areas
2.0,Unknown,Unknown,Asphalt roads,Darkness - lights lit,Raining,Collision with roadside objects,Unknown
2.0,20:40:00,Thursday,Asphalt roads,Darkness - lights lit,Raining,Collision with roadside objects,Other
2.0,Unknown,Unknown,Asphalt roads,Darkness - lights lit,Raining,Collision with roadside objects,Unknown
2.0,22:34:00,Wednesday,Asphalt roads,Darkness - lights lit,Raining,Collision with roadside objects,School areas
1.0,Unknown,Unknown,Asphalt roads,Darkness - lights lit,Raining,Collision with roadside objects,Unknown
2.0,20:40:00,Monday,Asphalt roads,Darkness - lights lit,Raining,Collision with roadside objects,Office areas
2.0,Unknown,Unknown,Asphalt roads,Darkness - lights lit,Raining,Collision with roadside objects,Unknown
2.0,17:35:00,Wednesday,Asphalt roads,Darkness - lights lit,Raining,Collision with roadside objects, Church areas
2.0,Unknown,Unknown,Asphalt roads,Darkness - no lighting,Raining,Collision with roadside objects,Unknown
2.0,15:40:00,Monday,Asphalt roads,Darkness - no lighting,Raining,Collision with roadside objects,Other
2.0,Unknown,Unknown,Asphalt roads,Daylight,Raining,Collision with roadside objects,Unknown
2.0,10:16:00,Friday,Asphalt roads,Daylight,Raining,Collision with roadside objects,Other
2.0,Unknown,Unknown,Asphalt roads,Daylight,Raining,Rollover,Unknown
2.0,17:50:00,Monday,Asphalt roads,Daylight,Raining,Rollover,Other
2.0,Unknown,Unknown,Asphalt roads,Daylight,Raining,Rollover,Unknown
2.0,8:30:00,Wednesday,Asphalt roads,Daylight,Raining,Rollover,Office areas
0.0,Unknown,Unknown,Asphalt roads,Daylight,Raining,Unknown,Unknown
2.0,Unknown,Unknown,Asphalt roads,Darkness - lights lit,Raining,Vehicle with vehicle collision,Unknown
2.0,22:39:00,Friday,Asphalt roads,Darkness - lights lit,Raining,Vehicle with vehicle collision,Office areas
1.0,Unknown,Unknown,Asphalt roads,Darkness - lights lit,Raining,Vehicle with vehicle collision,Unknown
2.0,18:45:00,Tuesday,Asphalt roads,Darkness - lights lit,Raining,Vehicle with vehicle collision,Other
2.0,Unknown,Unknown,Asphalt roads,Darkness - lights lit,Raining,Vehicle with vehicle collision,Unknown