accident_severity,time,day_of_week,road_surface_type,light_conditions,weather_conditions,type_of_collision,area_accident_occured
2.0,19:13:00,Tuesday,Asphalt roads,Darkness - lights lit,Raining,Vehicle with vehicle collision, Church areas
2.0,Unknown,Unknown,Asphalt roads,Darkness - lights lit,Raining,Vehicle with vehicle collision,Unknown
2.0,18:40:00,Thursday,Asphalt roads,Darkness - lights lit,Raining,Vehicle with vehicle collision,Other
2.0,Unknown,Unknown,Asphalt roads,Darkness - lights lit,Raining,Vehicle with vehicle collision,Unknown
2.0,20:35:00,Monday,Asphalt roads,Darkness - lights lit,Raining,Vehicle with vehicle collision,Office areas
2.0,Unknown,Unknown,Asphalt roads,Darkness - lights lit,Raining,Vehicle with vehicle collision,Unknown
2.0,5:02:00,Sunday,Asphalt roads,Darkness - lights lit,Raining,Vehicle with vehicle collision,Office areas
2.0,Unknown,Unknown,Asphalt roads,Darkness - lights lit,Raining,Vehicle with vehicle collision,Unknown
2.0,Unknown,Unknown,Asphalt roads,Darkness - lights lit,Raining,Vehicle with vehicle collision,Unknown
2.0,21:35:00,Wednesday,Asphalt roads,Darkness - lights lit,Raining,Vehicle with vehicle collision,Office areas
2.0,20:30:00,Wednesday,Asphalt roads,Darkness - lights lit,Raining,Vehicle with vehicle collision,Other
2.0,Unknown,Unknown,Asphalt roads,Darkness - lights lit,Raining,Vehicle with vehicle collision,Unknown
2.0,6:50:00,Wednesday,Asphalt roads,Darkness - lights lit,Raining,Vehicle with vehicle collision,School areas
2.0,Unknown,Unknown,Asphalt roads,Darkness - lights lit,Raining,Vehicle with vehicle collision,Unknown
2.0,5:02:00,Sunday,Asphalt roads,Darkness - lights lit,Raining,Vehicle with vehicle collision,Office areas
1.0,Unknown,Unknown,Asphalt roads,Darkness - lights lit,Raining,Vehicle with vehicle collision,Unknown
2.0,22:05:00,Friday,Asphalt roads,Darkness - lights lit,Raining,Vehicle with vehicle collision, Outside rural areas
2.0,Unknown,Unknown,Asphalt roads,Darkness - lights lit,Raining,Vehicle with vehicle collision,Unknown
2.0,19:32:00,Friday,Asphalt roads,Darkness - lights lit,Raining,Vehicle with vehicle collision,Office areas
0.0,Unknown,Unknown,Asphalt roads,Darkness - lights lit,Raining,Vehicle with vehicle collision,Unknown
2.0,21:00:00,Saturday,Asphalt roads,Darkness - lights lit,Raining,Vehicle with vehicle collision, Church areas
2.0,Unknown,Unknown,Asphalt roads,Darkness - lights lit,Raining,Vehicle with vehicle collision,Unknown
2.0,17:45:00,Wednesday,Asphalt roads,Darkness - lights lit,Raining,Vehicle with vehicle collision,Other
2.0,Unknown,Unknown,Asphalt roads,Darkness - lights lit,Raining,Vehicle with vehicle collision,Unknown
2.0,17:35:00,Wednesday,Asphalt roads,Darkness - lights lit,Raining,Vehicle with vehicle collision,Residential areas
2.0,Unknown,Unknown,Asphalt roads,Darkness - lights lit,Raining,Vehicle with vehicle collision,Unknown
2.0,22:40:00,Saturday,Asphalt roads,Darkness - lights lit,Raining,Vehicle with vehicle collision,Other
2.0,Unknown,Unknown,Asphalt roads,Darkness - lights lit,Raining,Vehicle with vehicle collision,Unknown
2.0,18:20:00,Tuesday,Asphalt roads,Darkness - lights lit,Raining,Vehicle with vehicle collision, Church areas
2.0,Unknown,Unknown,Asphalt roads,Darkness - no lighting,Raining,Vehicle with vehicle collision,Unknown
2.0,23:35:00,Thursday,Asphalt roads,Darkness - no lighting,Raining,Vehicle with vehicle collision, Industrial areas
2.0,Unknown,Unknown,Asphalt roads,Darkness - no lighting,Raining,Vehicle with vehicle collision,Unknown
2.0,20:15:00,Tuesday,Asphalt roads,Darkness - no lighting,Raining,Vehicle with vehicle collision,Other
2.0,Unknown,Unknown,Asphalt roads,Daylight,Raining,Vehicle with vehicle collision,Unknown
2.0,13:01:00,Saturday,Asphalt roads,Daylight,Raining,Vehicle with vehicle collision,  Recreational areas
2.0,Unknown,Unknown,Asphalt roads,Daylight,Raining,Vehicle with vehicle collision,Unknown
2.0,14:20:00,Thursday,Asphalt roads,Daylight,Raining,Vehicle with vehicle collision, Church areas
2.0,Unknown,Unknown,Asphalt roads,Daylight,Raining,Vehicle with vehicle collision,Unknown
2.0,11:30:00,Friday,Asphalt roads,Daylight,Raining,Vehicle with vehicle collision,Other
2.0,Unknown,Unknown,Asphalt roads,Daylight,Raining,Vehicle with vehicle collision,Unknown
2.0,9:47:00,Saturday,Asphalt roads,Daylight,Raining,Vehicle with vehicle collision,Other
2.0,Unknown,Unknown,Asphalt roads,Daylight,Raining,Vehicle with vehicle collision,Unknown
2.0,16:30:00,Tuesday,Asphalt roads,Daylight,Raining,Vehicle with vehicle collision,Office areas
2.0,Unknown,Unknown,Asphalt roads,Daylight,Raining,Vehicle with vehicle collision,Unknown
2.0,8:20:00,Thursday,Asphalt roads,Daylight,Raining,Vehicle with vehicle collision,Residential areas
2.0,Unknown,Unknown,Asphalt roads,Daylight,Raining,Vehicle with vehicle collision,Unknown
2.0,21:15:00,Thursday,Asphalt roads,Daylight,Raining,Vehicle with vehicle collision,Office areas
2.0,Unknown,Unknown,Asphalt roads,Daylight,Raining,Vehicle with vehicle collision,Unknown
2.0,12:39:00,Tuesday,Asphalt roads,Daylight,Raining,Vehicle with vehicle collision,Other
1.0,Unknown,Unknown,Asphalt roads,Daylight,Raining,Vehicle with vehicle collision,Unknown
2.0,12:48:00,Sunday,Asphalt roads,Daylight,Raining,Vehicle with vehicle collision,School areas
1.0,Unknown,Unknown,Asphalt roads,Daylight,Raining,Vehicle with vehicle collision,Unknown
2.0,13:00:00,Thursday,Asphalt roads,Daylight,Raining,Vehicle with vehicle collision,Other
2.0,Unknown,Unknown,Asphalt roads,Daylight,Raining,Vehicle with vehicle collision,Unknown
2.0,8:17:00,Tuesday,Asphalt roads,Daylight,Raining,Vehicle with vehicle collision,Residential areas
1.0,Unknown,Unknown,Asphalt roads,Daylight,Raining,Vehicle with vehicle collision,Unknown
2.0,8:54:00,Thursday,Asphalt roads,Daylight,Raining,Vehicle with vehicle collision, Church areas
2.0,Unknown,Unknown,Asphalt roads,Daylight,Raining,Vehicle with vehicle collision,Unknown
2.0,17:55:00,Monday,Asphalt roads,Daylight,Raining,Vehicle with vehicle collision,Other
2.0,Unknown,Unknown,Asphalt roads,Daylight,Raining,Vehicle with vehicle collision,Unknown
2.0,13:25:00,Tuesday,Asphalt roads,Daylight,Raining,Vehicle with vehicle collision, Outside rural areas
2.0,Unknown,Unknown,Asphalt roads,Daylight,Raining,Vehicle with vehicle collision,Unknown
2.0,10:35:00,Thursday,Asphalt roads,Daylight,Raining,Vehicle with vehicle collision,Office areas
2.0,Unknown,Unknown,Asphalt roads,Daylight,Raining,Vehicle with vehicle collision,Unknown
2.0,8:50:00,Thursday,Asphalt roads,Daylight,Raining,Vehicle with vehicle collision,Office areas
2.0,Unknown,Unknown,Asphalt roads,Daylight,Raining,Vehicle with vehicle collision,Unknown
2.0,5:35:00,Friday,Asphalt roads,Daylight,Raining,Vehicle with vehicle collision,Office areas
2.0,Unknown,Unknown,Asphalt roads,Daylight,Raining,Vehicle with vehicle collision,Unknown
2.0,8:47:00,Thursday,Asphalt roads,Daylight,Raining,Vehicle with vehicle collision,  Recreational areas
2.0,Unknown,Unknown,Asphalt roads,Daylight,Raining,Vehicle with vehicle collision,Unknown
2.0,18:50:00,Monday,Asphalt roads,Daylight,Raining,Vehicle with vehicle collision,Other
2.0,Unknown,Unknown,Asphalt roads,Daylight,Raining,Vehicle with vehicle collision,Unknown
2.0,10:07:00,Monday,Asphalt roads,Daylight,Raining,Vehicle with vehicle collision,Residential areas
1.0,Unknown,Unknown,Asphalt roads,Daylight,Raining,Vehicle with vehicle collision,Unknown
2.0,12:48:00,Sunday,Asphalt roads,Daylight,Raining,Vehicle with vehicle collision,Unknown
2.0,16:25:00,Sunday,Asphalt roads,Daylight,Raining,,Residential areas
2.0,Unknown,Unknown,Asphalt roads with some distress,Darkness - lights lit,Raining,Vehicle with vehicle collision,Unknown
2.0,21:55:00,Saturday,Asphalt roads with some distress,Darkness - lights lit,Raining,Vehicle with vehicle collision,Other
2.0,Unknown,Unknown,Earth roads,Daylight,Raining,Collision with pedestrians,Unknown
2.0,7:58:00,Monday,Earth roads,Daylight,Raining,Collision with pedestrians,Residential areas
2.0,Unknown,Unknown,Earth roads,Daylight,Raining,Collision with roadside objects,Unknown
2.0,8:21:00,Thursday,Earth roads,Daylight,Raining,Collision with roadside objects,Residential areas
2.0,Unknown,Unknown,Earth roads,Darkness - lights lit,Raining,Unknown,Unknown
2.0,Unknown,Unknown,Earth roads,Darkness - lights lit,Raining,Vehicle with vehicle collision,Unknown
2.0,18:30:00,Wednesday,Earth roads,Darkness - lights lit,Raining,Vehicle with vehicle collision,Other
2.0,Unknown,Unknown,Earth roads,Daylight,Raining,Vehicle with vehicle collision,Unknown
2.0,10:16:00,Friday,Earth roads,Daylight,Raining,Vehicle with vehicle collision,Residential areas
2.0,5:02:00,Sunday,Earth roads,Darkness - lights lit,Raining,,Office areas
1.0,Unknown,Unknown,Other,Darkness - lights lit,Raining,Vehicle with vehicle collision,Unknown
2.0,18:20:00,Saturday,Other,Darkness - lights lit,Raining,Vehicle with vehicle collision,Other
2.0,Unknown,Unknown,Unknown,Darkness - no lighting,Raining,Vehicle with vehicle collision,Unknown
2.0,20:15:00,Tuesday,,Darkness - no lighting,Raining,Vehicle with vehicle collision,School areas
1.0,Unknown,Unknown,Asphalt roads,Darkness - lights lit,Raining,Vehicle with vehicle collision,Unknown
2.0,16:05:00,Wednesday,Asphalt roads,Darkness - lights lit,Raining,Vehicle with vehicle collision,Residential areas
2.0,Unknown,Unknown,Asphalt roads,Daylight,Raining,Vehicle with vehicle collision,Unknown
2.0,11:10:00,Sunday,Asphalt roads,Daylight,Raining,Vehicle with vehicle collision,Other
2.0,Unknown,Unknown,Asphalt roads,Darkness - lights lit,Raining,Collision with pedestrians,Unknown
2.0,18:23:00,Saturday,Asphalt roads,Darkness - lights lit,Raining,Collision with pedestrians,Office areas
1.0,Unknown,Unknown,Asphalt roads,Darkness - lights lit,Raining,Collision with pedestrians,Unknown
2.0,14:29:00,Saturday,Asphalt roads,Darkness - lights lit,Raining,Collision with pedestrians,Residential areas
2.0,Unknown,Unknown,Asphalt roads,Daylight,Raining,Collision with pedestrians,Unknown
2.0,10:45:00,Sunday,Asphalt roads,Daylight,Raining,Collision with pedestrians,Other
2.0,Unknown,Unknown,Asphalt roads,Darkness - lights lit,Raining,Collision with roadside objects,Unknown
2.0,19:40:00,Monday,Asphalt roads,Darkness - lights lit,Raining,Collision with roadside objects,Office areas
2.0,Unknown,Unknown,Asphalt roads,Darkness - lights lit,Raining,Collision with roadside objects,Unknown
2.0,17:55:00,Saturday,Asphalt roads,Darkness - lights lit,Raining,Collision with roadside objects,Residential areas
2.0,Unknown,Unknown,Asphalt roads,Darkness - lights lit,Raining,Collision with roadside objects,Unknown
2.0,18:34:00,Sunday,Asphalt roads,Darkness - lights lit,Raining,Collision with roadside objects,Other
2.0,Unknown,Unknown,Asphalt roads,Darkness - lights lit,Raining,Collision with roadside objects,Unknown
2.0,14:29:00,Saturday,Asphalt roads,Darkness - lights lit,Raining,Collision with roadside objects,Residential areas
2.0,Unknown,Unknown,Asphalt roads,Darkness - lights lit,Raining,Collision with roadside objects,Unknown
2.0,17:35:00,Saturday,Asphalt roads,Darkness - lights lit,Raining,Collision with roadside objects,Residential areas
2.0,Unknown,Unknown,Asphalt roads,Daylight,Raining,Collision with roadside objects,Unknown
2.0,13:00:00,Sunday,Asphalt roads,Daylight,Raining,Collision with roadside objects, Hospital areas
2.0,19:55:00,Sunday,Asphalt roads,Daylight,Raining,Collision with roadside objects,  Market areas
2.0,Unknown,Unknown,Asphalt roads,Daylight,Raining,Collision with roadside objects,Unknown
2.0,8:35:00,Wednesday,Asphalt roads,Daylight,Raining,Collision with roadside objects,Other
2.0,Unknown,Unknown,Asphalt roads,Darkness - lights lit,Raining,Rollover,Unknown
2.0,16:01:00,Sunday,Asphalt roads,Darkness - lights lit,Raining,Rollover, Church areas
2.0,Unknown,Unknown,Asphalt roads,Daylight,Raining,Rollover,Unknown
2.0,12:34:00,Wednesday,Asphalt roads,Daylight,Raining,Rollover,Other
1.0,Unknown,Unknown,Asphalt roads,Darkness - lights lit,Raining,Vehicle with vehicle collision,Unknown
2.0,21:03:00,Monday,Asphalt roads,Darkness - lights lit,Raining,Vehicle with vehicle collision,Other
2.0,Unknown,Unknown,Asphalt roads,Darkness - lights lit,Raining,Vehicle with vehicle collision,Unknown
2.0,6:12:00,Saturday,Asphalt roads,Darkness - lights lit,Raining,Vehicle with vehicle collision,Office areas
2.0,Unknown,Unknown,Asphalt roads,Darkness - lights lit,Raining,Vehicle with vehicle collision,Unknown
2.0,17:50:00,Saturday,Asphalt roads,Darkness - lights lit,Raining,Vehicle with vehicle collision,Other
2.0,Unknown,Unknown,Asphalt roads,Darkness - lights lit,Raining,Vehicle with vehicle collision,Unknown
2.0,22:10:00,Thursday,Asphalt roads,Darkness - lights lit,Raining,Vehicle with vehicle collision,Office areas
2.0,Unknown,Unknown,Asphalt roads,Darkness - lights lit,Raining,Vehicle with vehicle collision,Unknown
2.0,6:12:00,Saturday,Asphalt roads,Darkness - lights lit,Raining,Vehicle with vehicle collision,Other
1.0,Unknown,Unknown,Asphalt roads,Darkness - lights lit,Raining,Vehicle with vehicle collision,Unknown
2.0,4:00:00,Friday,Asphalt roads,Darkness - lights lit,Raining,Vehicle with vehicle collision,  Recreational areas
2.0,Unknown,Unknown,Asphalt roads,Darkness - lights lit,Raining,Vehicle with vehicle collision,Unknown
2.0,23:45:00,Friday,Asphalt roads,Darkness - lights lit,Raining,Vehicle with vehicle collision,Other
2.0,Unknown,Unknown,Asphalt roads,Darkness - lights lit,Raining,Vehicle with vehicle collision,Unknown
2.0,0:50:00,Saturday,Asphalt roads,Darkness - lights lit,Raining,Vehicle with vehicle collision,Office areas
2.0,Unknown,Unknown,Asphalt roads,Darkness - lights lit,Raining,Vehicle with vehicle collision,Unknown
2.0,20:43:00,Sunday,Asphalt roads,Darkness - lights lit,Raining,Vehicle with vehicle collision,Residential areas
2.0,Unknown,Unknown,Asphalt roads,Darkness - lights lit,Raining,Vehicle with vehicle collision,Unknown
2.0,19:32:00,Friday,Asphalt roads,Darkness - lights lit,Raining,Vehicle with vehicle collision,Office areas
1.0,Unknown,Unknown,Asphalt roads,Darkness - lights lit,Raining,Vehicle with vehicle collision,Unknown
2.0,4:57:00,Saturday,Asphalt roads,Darkness - lights lit,Raining,Vehicle with vehicle collision,Residential areas
2.0,Unknown,Unknown,Asphalt roads,Darkness - lights lit,Raining,Vehicle with vehicle collision,Unknown
2.0,21:44:00,Monday,Asphalt roads,Darkness - lights lit,Raining,Vehicle with vehicle collision,Residential areas
2.0,Unknown,Unknown,Asphalt roads,Darkness - lights lit,Raining,Vehicle with vehicle collision,Unknown
2.0,22:25:00,Friday,Asphalt roads,Darkness - lights lit,Raining,Vehicle with vehicle collision,Other
2.0,Unknown,Unknown,Asphalt roads,Darkness - no lighting,Raining,Vehicle with vehicle collision,Unknown
2.0,7:45:00,Thursday,Asphalt roads,Darkness - no lighting,Raining,Vehicle with vehicle collision, Hospital areas
2.0,Unknown,Unknown,Asphalt roads,Darkness - no lighting,Raining,Vehicle with vehicle collision,Unknown
2.0,19:31:00,Wednesday,Asphalt roads,Darkness - no lighting,Raining,Vehicle with vehicle collision,Other
2.0,Unknown,Unknown,Asphalt roads,Daylight,Raining,Vehicle with vehicle collision,Unknown
2.0,8:35:00,Thursday,Asphalt roads,Daylight,Raining,Vehicle with vehicle collision,Office areas
2.0,Unknown,Unknown,Asphalt roads,Daylight,Raining,Vehicle with vehicle collision,Unknown
2.0,16:20:00,Wednesday,Asphalt roads,Daylight,Raining,Vehicle with vehicle collision,Other
2.0,Unknown,Unknown,Asphalt roads,Daylight,Raining,Vehicle with vehicle collision,Unknown
2.0,12:30:00,Saturday,Asphalt roads,Daylight,Raining,Vehicle with vehicle collision, Industrial areas
1.0,Unknown,Unknown,Asphalt roads,Daylight,Raining,Vehicle with vehicle collision,Unknown
2.0,5:49:00,Tuesday,Asphalt roads,Daylight,Raining,Vehicle with vehicle collision,Office areas
2.0,Unknown,Unknown,Asphalt roads,Daylight,Raining,Vehicle with vehicle collision,Unknown
2.0,12:30:00,Thursday,Asphalt roads,Daylight,Raining,Vehicle with vehicle collision,Office areas
2.0,Unknown,Unknown,Asphalt roads,Daylight,Raining,Vehicle with vehicle collision,Unknown
2.0,8:00:00,Thursday,Asphalt roads,Daylight,Raining,Vehicle with vehicle collision,Other
2.0,Unknown,Unknown,Asphalt roads,Daylight,Raining,Vehicle with vehicle collision,Unknown
2.0,9:05:00,Friday,Asphalt roads,Daylight,Raining,Vehicle with vehicle collision,Other
2.0,Unknown,Unknown,Asphalt roads,Daylight,Raining,Vehicle with vehicle collision,Unknown
2.0,7:50:00,Tuesday,Asphalt roads,Daylight,Raining,Vehicle with vehicle collision,Other
2.0,Unknown,Unknown,Asphalt roads,Daylight,Raining,Vehicle with vehicle collision,Unknown
2.0,19:20:00,Monday,Asphalt roads,Daylight,Raining,Vehicle with vehicle collision,Residential areas
2.0,Unknown,Unknown,Asphalt roads,Daylight,Raining,Vehicle with vehicle collision,Unknown
2.0,12:50:00,Monday,Asphalt roads,Daylight,Raining,Vehicle with vehicle collision,Office areas
2.0,Unknown,Unknown,Asphalt roads,Daylight,Raining,Vehicle with vehicle collision,Unknown
2.0,13:01:00,Saturday,Asphalt roads,Daylight,Raining,Vehicle with vehicle collision,Office areas
2.0,Unknown,Unknown,Asphalt roads,Daylight,Raining,Vehicle with vehicle collision,Unknown
2.0,Unknown,Unknown,Asphalt roads,Daylight,Raining,Vehicle with vehicle collision,Unknown
2.0,8:21:00,Thursday,Asphalt roads,Daylight,Raining,Vehicle with vehicle collision,Other
2.0,Unknown,Unknown,Asphalt roads,Daylight,Raining,Vehicle with vehicle collision,Unknown
2.0,7:58:00,Thursday,Asphalt roads,Daylight,Raining,Vehicle with vehicle collision,  Recreational areas
2.0,4:00:00,Friday,Asphalt roads,Daylight,Raining,Vehicle with vehicle collision, Outside rural areas
2.0,Unknown,Unknown,Asphalt roads,Daylight,Raining,Vehicle with vehicle collision,Unknown
2.0,10:07:00,Monday,Asphalt roads,Daylight,Raining,Vehicle with vehicle collision,Office areas
2.0,Unknown,Unknown,Asphalt roads,Daylight,Raining,Vehicle with vehicle collision,Unknown
2.0,17:00:00,Monday,Asphalt roads,Daylight,Raining,Vehicle with vehicle collision,Other
2.0,15:30:00,Tuesday,Asphalt roads,Daylight,Raining,Vehicle with vehicle collision,Office areas
2.0,Unknown,Unknown,Earth roads,Daylight,Raining,Vehicle with vehicle collision,Unknown
2.0,8:04:00,Monday,Earth roads,Daylight,Raining,Vehicle with vehicle collision,School areas
2.0,Unknown,Unknown,Other,Daylight,Raining,Collision with pedestrians,Unknown
2.0,12:53:00,Sunday,Other,Daylight,Raining,Collision with pedestrians,School areas
2.0,Unknown,Unknown,Unknown,Daylight,Raining,Collision with roadside objects,Unknown
2.0,15:55:00,Thursday,,Daylight,Raining,Collision with roadside objects,Office areas
2.0,Unknown,Unknown,Asphalt roads,Daylight,Raining,Collision with roadside objects,Unknown
2.0,7:58:00,Monday,Asphalt roads,Daylight,Raining,Collision with roadside objects, Industrial areas
2.0,Unknown,Unknown,Asphalt roads,Daylight,Raining,Vehicle with vehicle collision,Unknown
2.0,Unknown,Unknown,Asphalt roads,Daylight,Raining,Vehicle with vehicle collision,Unknown
2.0,11:31:00,Monday,Asphalt roads,Daylight,Raining,Vehicle with vehicle collision, Industrial areas
2.0,Unknown,Unknown,Asphalt roads,Darkness - no lighting,Raining,With Train,Unknown
2.0,17:30:00,Thursday,Asphalt roads,Darkness - no lighting,Raining,With Train, Industrial areas
2.0,Unknown,Unknown,Unknown,Darkness - lights lit,Raining,Vehicle with vehicle collision,Unknown
2.0,Unknown,Unknown,Unknown,Darkness - lights lit,Raining,Vehicle with vehicle collision,Unknown
1.0,Unknown,Unknown,Asphalt roads,Darkness - no lighting,Raining,Collision with pedestrians,Unknown
2.0,21:45:00,Friday,Asphalt roads,Darkness - no lighting,Raining,Collision with pedestrians,Rural village areasOffice areas
2.0,Unknown,Unknown,Asphalt roads,Daylight,Raining,Collision with pedestrians,Unknown
2.0,15:25:00,Sunday,Asphalt roads,Daylight,Raining,Collision with pedestrians,Other
2.0,Unknown,Unknown,Asphalt roads,Darkness - lights lit,Raining,Collision with roadside objects,Unknown
2.0,18:23:00,Saturday,Asphalt roads,Darkness - lights lit,Raining,Collision with roadside objects,Unknown
1.0,Unknown,Unknown,Asphalt roads,Darkness - lights lit,Raining,Collision with roadside objects,Unknown
2.0,Unknown,Unknown,Asphalt roads,Darkness - lights lit,Raining,Collision with roadside objects,Unknown
2.0,4:00:00,Friday,Asphalt roads,Darkness - lights lit,Raining,Collision with roadside objects, Church areas
2.0,22:05:00,Friday,Asphalt roads,Darkness - lights lit,Raining,Collision with roadside objects,Residential areas
2.0,Unknown,Unknown,Asphalt roads,Daylight,Raining,Collision with roadside objects,Unknown
2.0,15:30:00,Friday,Asphalt roads,Daylight,Raining,Collision with roadside objects,Other
2.0,Unknown,Unknown,Asphalt roads,Daylight,Raining,Collision with roadside objects,Unknown
2.0,13:11:00,Wednesday,Asphalt roads,Daylight,Raining,Collision with roadside objects,Office areas
2.0,Unknown,Unknown,Asphalt roads,Daylight,Raining,Rollover,Unknown
2.0,15:30:00,Tuesday,Asphalt roads,Daylight,Raining,Rollover,Office areas
2.0,Unknown,Unknown,Asphalt roads,Daylight,Raining,Unknown,Unknown
2.0,Unknown,Unknown,Asphalt roads,Darkness - lights lit,Raining,Vehicle with vehicle collision,Unknown
2.0,5:02:00,Saturday,Asphalt roads,Darkness - lights lit,Raining,Vehicle with vehicle collision,Office areas
1.0,Unknown,Unknown,Asphalt roads,Darkness - lights lit,Raining,Vehicle with vehicle collision,Unknown
2.0,22:05:00,Friday,Asphalt roads,Darkness - lights lit,Raining,Vehicle with vehicle collision,Other
2.0,Unknown,Unknown,Asphalt roads,Darkness - lights lit,Raining,Vehicle with vehicle collision,Unknown
2.0,21:55:00,Saturday,Asphalt roads,Darkness - lights lit,Raining,Vehicle with vehicle collision,Other
2.0,Unknown,Unknown,Asphalt roads,Darkness - lights lit,Raining,Vehicle with vehicle collision,Unknown
2.0,18:00:00,Monday,Asphalt roads,Darkness - lights lit,Raining,Vehicle with vehicle collision,Other
2.0,Unknown,Unknown,Asphalt roads,Darkness - lights lit,Raining,Vehicle with vehicle collision,Unknown
2.0,18:30:00,Monday,Asphalt roads,Darkness - lights lit,Raining,Vehicle with vehicle collision,Office areas
2.0,Unknown,Unknown,Asphalt roads,Darkness - lights lit,Raining,Vehicle with vehicle collision,Unknown
2.0,16:10:00,Monday,Asphalt roads,Darkness - lights lit,Raining,Vehicle with vehicle collision, Industrial areas
2.0,Unknown,Unknown,Asphalt roads,Darkness - lights lit,Raining,Vehicle with vehicle collision,Unknown
2.0,22:10:00,Thursday,Asphalt roads,Darkness - lights lit,Raining,Vehicle with vehicle collision,Other
2.0,Unknown,Unknown,Asphalt roads,Darkness - lights lit,Raining,Vehicle with vehicle collision,Unknown
2.0,17:55:00,Friday,Asphalt roads,Darkness - lights lit,Raining,Vehicle with vehicle collision,Office areas
1.0,Unknown,Unknown,Asphalt roads,Darkness - lights lit,Raining,Vehicle with vehicle collision,Unknown
2.0,18:45:00,Tuesday,Asphalt roads,Darkness - lights lit,Raining,Vehicle with vehicle collision,Office areas
2.0,Unknown,Unknown,Asphalt roads,Darkness - lights lit,Raining,Vehicle with vehicle collision,Unknown
2.0,18:05:00,Tuesday,Asphalt roads,Darkness - lights lit,Raining,Vehicle with vehicle collision, Church areas
2.0,Unknown,Unknown,Asphalt roads,Daylight,Raining,Vehicle with vehicle collision,Unknown
2.0,16:01:00,Friday,Asphalt roads,Daylight,Raining,Vehicle with vehicle collision,School areas
2.0,Unknown,Unknown,Asphalt roads,Daylight,Raining,Vehicle with vehicle collision,Unknown
2.0,17:20:00,Saturday,Asphalt roads,Daylight,Raining,Vehicle with vehicle collision,Office areas
2.0,Unknown,Unknown,Asphalt roads,Daylight,Raining,Vehicle with vehicle collision,Unknown
2.0,15:59:00,Monday,Asphalt roads,Daylight,Raining,Vehicle with vehicle collision,Office areas
2.0,Unknown,Unknown,Asphalt roads,Daylight,Raining,Vehicle with vehicle collision,Unknown
2.0,8:05:00,Wednesday,Asphalt roads,Daylight,Raining,Vehicle with vehicle collision,Residential areas
2.0,Unknown,Unknown,Asphalt roads,Daylight,Raining,Vehicle with vehicle collision,Unknown
2.0,6:02:00,Sunday,Asphalt roads,Daylight,Raining,Vehicle with vehicle collision, Church areas
1.0,Unknown,Unknown,Asphalt roads,Daylight,Raining,Vehicle with vehicle collision,Unknown
2.0,17:55:00,Thursday,Asphalt roads,Daylight,Raining,Vehicle with vehicle collision,Other
2.0,Unknown,Unknown,Asphalt roads,Daylight,Raining,Vehicle with vehicle collision,Unknown
2.0,12:50:00,Monday,Asphalt roads,Daylight,Raining,Vehicle with vehicle collision,Other
2.0,Unknown,Unknown,Asphalt roads,Daylight,Raining,Vehicle with vehicle collision,Unknown
2.0,8:20:00,Wednesday,Asphalt roads,Daylight,Raining,Vehicle with vehicle collision,  Market areas
2.0,Unknown,Unknown,Asphalt roads,Daylight,Raining,Vehicle with vehicle collision,Unknown
2.0,7:45:00,Friday,Asphalt roads,Daylight,Raining,Vehicle with vehicle collision,Other
2.0,Unknown,Unknown,Asphalt roads,Daylight,Raining,Vehicle with vehicle collision,Unknown
2.0,13:13:00,Friday,Asphalt roads,Daylight,Raining,Vehicle with vehicle collision,  Recreational areas
2.0,Unknown,Unknown,Asphalt roads,Daylight,Raining,Vehicle with vehicle collision,Unknown
2.0,19:20:00,Monday,Asphalt roads,Daylight,Raining,Vehicle with vehicle collision, Industrial areas
2.0,13:12:00,Saturday,Asphalt roads,Daylight,Raining,, Industrial areas
2.0,Unknown,Unknown,Gravel roads,Daylight,Raining,Vehicle with vehicle collision,Unknown
2.0,18:45:00,Wednesday,Gravel roads,Daylight,Raining,Vehicle with vehicle collision,Residential areas
2.0,10:30:00,Saturday,Asphalt roads,Daylight,Raining,Vehicle with vehicle collision,Residential areas
2.0,11:10:00,Sunday,,Darkness - lights lit,Raining,Vehicle with vehicle collision,School areas
2.0,17:35:00,Saturday,,Darkness - lights lit,Raining,Vehicle with vehicle collision,Office areas
1.0,Unknown,Unknown,Asphalt roads,Daylight,Raining,Vehicle with vehicle collision,Unknown
2.0,9:01:00,Wednesday,Asphalt roads,Daylight,Raining,Vehicle with vehicle collision,Other
1.0,Unknown,Unknown,Asphalt roads,Darkness - lights lit,Raining,Collision with pedestrians,Unknown
2.0,22:05:00,Friday,Asphalt roads,Darkness - lights lit,Raining,Collision with pedestrians, Outside rural areas
2.0,Unknown,Unknown,Asphalt roads,Darkness - lights lit,Raining,Vehicle with vehicle collision,Unknown
2.0,6:11:00,Wednesday,Asphalt roads,Darkness - lights lit,Raining,Vehicle with vehicle collision,Residential areas
0.0,Unknown,Unknown,Asphalt roads,Daylight,Raining,Vehicle with vehicle collision,Unknown
2.0,16:30:00,Thursday,Asphalt roads,Daylight,Raining,Vehicle with vehicle collision,Other