accident_severity,time,day_of_week,road_surface_type,light_conditions,weather_conditions,type_of_collision,area_accident_occured
2.0,7:30:00,Wednesday,Asphalt roads,Daylight,Raining,Vehicle with vehicle collision,Residential areas
2.0,18:47:00,Friday,Asphalt roads,Daylight,Raining,Vehicle with vehicle collision,Office areas
2.0,Unknown,Unknown,Asphalt roads,Darkness - no lighting,Raining,Collision with pedestrians,Unknown
2.0,16:42:00,Tuesday,Asphalt roads,Darkness - no lighting,Raining,Collision with pedestrians,Other
2.0,Unknown,Unknown,Asphalt roads,Daylight,Raining,Vehicle with vehicle collision,Unknown
2.0,13:21:00,Saturday,Asphalt roads,Daylight,Raining,Vehicle with vehicle collision,Office areas
2.0,Unknown,Unknown,Asphalt roads,Daylight,Raining,Vehicle with vehicle collision,Unknown
2.0,18:20:00,Sunday,Asphalt roads,Daylight,Raining,Vehicle with vehicle collision,Office areas
2.0,Unknown,Unknown,Asphalt roads,Darkness - lights lit,Raining,Vehicle with vehicle collision,Unknown
2.0,18:30:00,Thursday,Asphalt roads,Darkness - lights lit,Raining,Vehicle with vehicle collision,School areas
2.0,Unknown,Unknown,Asphalt roads,Daylight,Raining,Vehicle with vehicle collision,Unknown
2.0,13:12:00,Saturday,Asphalt roads,Daylight,Raining,Vehicle with vehicle collision,Unknown
2.0,Unknown,Unknown,Asphalt roads,Daylight,Raining,Collision with pedestrians,Unknown
2.0,9:47:00,Saturday,Asphalt roads,Daylight,Raining,Collision with pedestrians,Residential areas
2.0,Unknown,Unknown,Asphalt roads,Darkness - lights lit,Raining,Vehicle with vehicle collision,Unknown
2.0,6:12:00,Saturday,Asphalt roads,Darkness - lights lit,Raining,Vehicle with vehicle collision,Other
2.0,Unknown,Unknown,Asphalt roads,Darkness - no lighting,Raining,Vehicle with vehicle collision,Unknown
2.0,9:45:00,Monday,Asphalt roads,Darkness - no lighting,Raining,Vehicle with vehicle collision,Other
2.0,Unknown,Unknown,Asphalt roads,Daylight,Raining,Collision with roadside objects,Unknown
2.0,9:50:00,Friday,Asphalt roads,Daylight,Raining,Collision with roadside objects,Other
2.0,Unknown,Unknown,Asphalt roads,Darkness - lights lit,Raining,Vehicle with vehicle collision,Unknown
2.0,15:31:00,Monday,Asphalt roads,Darkness - lights lit,Raining,Vehicle with vehicle collision,Office areas
2.0,Unknown,Unknown,Asphalt roads,Daylight,Raining,Vehicle with vehicle collision,Unknown
2.0,10:39:00,Wednesday,Asphalt roads,Daylight,Raining,Vehicle with vehicle collision,Residential areas
2.0,Unknown,Unknown,Asphalt roads,Daylight,Raining,Vehicle with vehicle collision,Unknown
2.0,14:42:00,Sunday,Asphalt roads,Daylight,Raining,Vehicle with vehicle collision,Other
2.0,14:42:00,Sunday,Asphalt roads,Daylight,Raining,Vehicle with vehicle collision,Other
2.0,Unknown,Unknown,Other,Daylight,Raining,Vehicle with vehicle collision,Unknown
2.0,11:01:00,Wednesday,Other,Daylight,Raining,Vehicle with vehicle collision,Other
2.0,Unknown,Unknown,Asphalt roads,Darkness - lights lit,Raining,Collision with roadside objects,Unknown
2.0,17:35:00,Saturday,Asphalt roads,Darkness - lights lit,Raining,Collision with roadside objects,Other
1.0,Unknown,Unknown,Asphalt roads,Darkness - lights lit,Raining,Vehicle with vehicle collision,Unknown
2.0,18:15:00,Thursday,Asphalt roads,Darkness - lights lit,Raining,Vehicle with vehicle collision,Other
2.0,Unknown,Unknown,Asphalt roads,Darkness - lights lit,Raining,Vehicle with vehicle collision,Unknown
2.0,17:46:00,Thursday,Asphalt roads,Darkness - lights lit,Raining,Vehicle with vehicle collision,  Recreational areas
1.0,Unknown,Unknown,Asphalt roads,Darkness - no lighting,Raining,Vehicle with vehicle collision,Unknown
2.0,11:44:00,Wednesday,Asphalt roads,Darkness - no lighting,Raining,Vehicle with vehicle collision,Other
1.0,Unknown,Unknown,Gravel roads,Daylight,Raining,Vehicle with vehicle collision,Unknown
2.0,15:10:00,Tuesday,Gravel roads,Daylight,Raining,Vehicle with vehicle collision,Other
2.0,Unknown,Unknown,Asphalt roads,Darkness - lights lit,Raining,Collision with animals,Unknown
2.0,16:01:00,Sunday,Asphalt roads,Darkness - lights lit,Raining,Collision with animals, Hospital areas
2.0,Unknown,Unknown,Asphalt roads,Daylight,Raining,Collision with pedestrians,Unknown
2.0,14:53:00,Wednesday,Asphalt roads,Daylight,Raining,Collision with pedestrians,Office areas
2.0,Unknown,Unknown,Asphalt roads,Darkness - lights lit,Raining,Collision with roadside objects,Unknown
2.0,18:20:00,Sunday,Asphalt roads,Darkness - lights lit,Raining,Collision with roadside objects, Church areas
2.0,Unknown,Unknown,Asphalt roads,Daylight,Raining,Collision with roadside objects,Unknown
2.0,15:30:00,Tuesday,Asphalt roads,Daylight,Raining,Collision with roadside objects, Church areas
2.0,Unknown,Unknown,Asphalt roads,Daylight,Raining,Collision with roadside objects,Unknown
2.0,13:00:00,Friday,Asphalt roads,Daylight,Raining,Collision with roadside objects,Other
2.0,Unknown,Unknown,Asphalt roads,Daylight,Raining,Collision with roadside objects,Unknown
2.0,16:02:00,Monday,Asphalt roads,Daylight,Raining,Collision with roadside objects,Residential areas
2.0,Unknown,Unknown,Asphalt roads,Daylight,Raining,Collision with roadside objects,Unknown
2.0,16:02:00,Monday,Asphalt roads,Daylight,Raining,Collision with roadside objects, Church areas
2.0,Unknown,Unknown,Asphalt roads,Darkness - lights lit,Raining,Vehicle with vehicle collision,Unknown
2.0,6:12:00,Saturday,Asphalt roads,Darkness - lights lit,Raining,Vehicle with vehicle collision,Other
2.0,Unknown,Unknown,Asphalt roads,Darkness - lights lit,Raining,Vehicle with vehicle collision,Unknown
2.0,4:54:00,Friday,Asphalt roads,Darkness - lights lit,Raining,Vehicle with vehicle collision,Other
2.0,Unknown,Unknown,Asphalt roads,Daylight,Raining,Vehicle with vehicle collision,Unknown
2.0,19:30:00,Wednesday,Asphalt roads,Daylight,Raining,Vehicle with vehicle collision,Office areas
2.0,Unknown,Unknown,Asphalt roads,Daylight,Raining,Vehicle with vehicle collision,Unknown
2.0,16:56:00,Friday,Asphalt roads,Daylight,Raining,Vehicle with vehicle collision,Other
2.0,Unknown,Unknown,Asphalt roads,Daylight,Raining,Vehicle with vehicle collision,Unknown
2.0,13:01:00,Saturday,Asphalt roads,Daylight,Raining,Vehicle with vehicle collision,Residential areas
2.0,Unknown,Unknown,Asphalt roads,Daylight,Raining,Vehicle with vehicle collision,Unknown
2.0,20:00:00,Wednesday,Asphalt roads,Daylight,Raining,Vehicle with vehicle collision,Other
2.0,20:00:00,Saturday,Asphalt roads,Daylight,Raining,Vehicle with vehicle collision, Industrial areas
2.0,Unknown,Unknown,Asphalt roads,Daylight,Raining,Vehicle with vehicle collision,Unknown
2.0,10:07:00,Monday,Asphalt roads,Daylight,Raining,Vehicle with vehicle collision, Church areas
2.0,Unknown,Unknown,Asphalt roads,Daylight,Raining,Vehicle with vehicle collision,Unknown
2.0,6:46:00,Tuesday,Asphalt roads,Daylight,Raining,Vehicle with vehicle collision,Residential areas
2.0,Unknown,Unknown,Asphalt roads,Daylight,Raining,Vehicle with vehicle collision,Unknown
2.0,12:40:00,Wednesday,Asphalt roads,Daylight,Raining,Vehicle with vehicle collision,Office areas
2.0,Unknown,Unknown,Gravel roads,Daylight,Raining,Collision with roadside objects,Unknown
2.0,8:55:00,Thursday,Gravel roads,Daylight,Raining,Collision with roadside objects,Residential areas
2.0,Unknown,Unknown,Asphalt roads,Daylight,Raining,Vehicle with vehicle collision,Unknown
2.0,9:50:00,Friday,Asphalt roads,Daylight,Raining,Vehicle with vehicle collision,Office areas
2.0,Unknown,Unknown,Asphalt roads,Daylight,Raining,Vehicle with vehicle collision,Unknown
2.0,15:30:00,Friday,Asphalt roads,Daylight,Raining,Vehicle with vehicle collision,Office areas
1.0,Unknown,Unknown,Asphalt roads,Darkness - lights lit,Raining,Collision with animals,Unknown
2.0,22:14:00,Thursday,Asphalt roads,Darkness - lights lit,Raining,Collision with animals,Other
2.0,Unknown,Unknown,Asphalt roads,Darkness - lights unlit,Raining,Collision with roadside objects,Unknown
2.0,19:20:00,Sunday,Asphalt roads,Darkness - lights unlit,Raining,Collision with roadside objects,Residential areas
2.0,Unknown,Unknown,Asphalt roads,Daylight,Raining,Collision with roadside objects,Unknown
2.0,11:15:00,Thursday,Asphalt roads,Daylight,Raining,Collision with roadside objects,Other
1.0,Unknown,Unknown,Asphalt roads,Daylight,Raining,Collision with roadside objects,Unknown
2.0,15:30:00,Wednesday,Asphalt roads,Daylight,Raining,Collision with roadside objects,Other
2.0,Unknown,Unknown,Asphalt roads,Darkness - lights lit,Raining,Rollover,Unknown
2.0,17:27:00,Friday,Asphalt roads,Darkness - lights lit,Raining,Rollover,Residential areas
2.0,Unknown,Unknown,Asphalt roads,Daylight,Raining,Unknown,Unknown
2.0,Unknown,Unknown,Asphalt roads,Darkness - lights lit,Raining,Vehicle with vehicle collision,Unknown
2.0,21:12:00,Wednesday,Asphalt roads,Darkness - lights lit,Raining,Vehicle with vehicle collision,Other
2.0,Unknown,Unknown,Asphalt roads,Darkness - lights lit,Raining,Vehicle with vehicle collision,Unknown
2.0,17:11:00,Wednesday,Asphalt roads,Darkness - lights lit,Raining,Vehicle with vehicle collision,Other
0.0,Unknown,Unknown,Asphalt roads,Darkness - lights lit,Raining,Vehicle with vehicle collision,Unknown
2.0,20:00:00,Wednesday,Asphalt roads,Darkness - lights lit,Raining,Vehicle with vehicle collision, Church areas
2.0,Unknown,Unknown,Asphalt roads,Darkness - lights lit,Raining,Vehicle with vehicle collision,Unknown
2.0,17:35:00,Saturday,Asphalt roads,Darkness - lights lit,Raining,Vehicle with vehicle collision,Other
2.0,Unknown,Unknown,Asphalt roads,Darkness - lights lit,Raining,Vehicle with vehicle collision,Unknown
2.0,3:00:00,Saturday,Asphalt roads,Darkness - lights lit,Raining,Vehicle with vehicle collision,Office areas
2.0,Unknown,Unknown,Asphalt roads,Darkness - no lighting,Raining,Vehicle with vehicle collision,Unknown
2.0,17:10:00,Wednesday,Asphalt roads,Darkness - no lighting,Raining,Vehicle with vehicle collision,Office areas
2.0,Unknown,Unknown,Asphalt roads,Daylight,Raining,Vehicle with vehicle collision,Unknown
2.0,12:41:00,Tuesday,Asphalt roads,Daylight,Raining,Vehicle with vehicle collision,Other
2.0,Unknown,Unknown,Asphalt roads,Daylight,Raining,Vehicle with vehicle collision,Unknown
2.0,13:01:00,Saturday,Asphalt roads,Daylight,Raining,Vehicle with vehicle collision,Residential areas
2.0,Unknown,Unknown,Asphalt roads,Daylight,Raining,Vehicle with vehicle collision,Unknown
2.0,6:12:00,Saturday,Asphalt roads,Daylight,Raining,Vehicle with vehicle collision,Office areas
1.0,Unknown,Unknown,Asphalt roads,Daylight,Raining,Vehicle with vehicle collision,Unknown
2.0,14:00:00,Wednesday,Asphalt roads,Daylight,Raining,Vehicle with vehicle collision, Industrial areas
2.0,Unknown,Unknown,Asphalt roads,Daylight,Raining,Vehicle with vehicle collision,Unknown
2.0,12:30:00,Friday,Asphalt roads,Daylight,Raining,Vehicle with vehicle collision,Office areas
2.0,Unknown,Unknown,Asphalt roads,Daylight,Raining,Vehicle with vehicle collision,Unknown
2.0,18:35:00,Saturday,Asphalt roads,Daylight,Raining,Vehicle with vehicle collision,Office areas
2.0,Unknown,Unknown,Asphalt roads,Daylight,Raining,Vehicle with vehicle collision,Unknown
2.0,9:36:00,Wednesday,Asphalt roads,Daylight,Raining,Vehicle with vehicle collision,Other
2.0,Unknown,Unknown,Asphalt roads,Daylight,Raining,Vehicle with vehicle collision,Unknown
2.0,13:01:00,Saturday,Asphalt roads,Daylight,Raining,Vehicle with vehicle collision,Residential areas
2.0,Unknown,Unknown,Asphalt roads,Daylight,Raining,Vehicle with vehicle collision,Unknown
2.0,8:55:00,Thursday,Asphalt roads,Daylight,Raining,Vehicle with vehicle collision,Residential areas
2.0,Unknown,Unknown,Asphalt roads,Daylight,Raining,Vehicle with vehicle collision,Unknown
2.0,Unknown,Unknown,Asphalt roads,Daylight,Raining,Vehicle with vehicle collision,Unknown
2.0,15:31:00,Monday,Asphalt roads,Daylight,Raining,Vehicle with vehicle collision,Other
2.0,Unknown,Unknown,Asphalt roads,Daylight,Raining,Vehicle with vehicle collision,Unknown
2.0,14:50:00,Monday,Asphalt roads,Daylight,Raining,Vehicle with vehicle collision,Residential areas
2.0,10:13:00,Thursday,Asphalt roads,Daylight,Raining,Vehicle with vehicle collision, Church areas
2.0,Unknown,Unknown,Asphalt roads,Daylight,Raining,Vehicle with vehicle collision,Unknown
2.0,11:24:00,Sunday,Asphalt roads,Daylight,Raining,Vehicle with vehicle collision,Residential areas
2.0,15:30:00,Friday,Asphalt roads,Daylight,Raining,, Church areas
2.0,Unknown,Unknown,Earth roads,Daylight,Raining,Collision with roadside objects,Unknown
2.0,9:09:00,Monday,Earth roads,Daylight,Raining,Collision with roadside objects,Residential areas
2.0,Unknown,Unknown,Gravel roads,Daylight,Raining,Fall from vehicles,Unknown
2.0,11:15:00,Friday,Gravel roads,Daylight,Raining,Fall from vehicles,Residential areas
1.0,Unknown,Unknown,Asphalt roads,Darkness - lights lit,Raining,Collision with roadside objects,Unknown
1.0,Unknown,Unknown,Asphalt roads,Darkness - lights lit,Raining,Vehicle with vehicle collision,Unknown
2.0,Unknown,Unknown,Asphalt roads,Daylight,Raining,Vehicle with vehicle collision,Unknown
1.0,Unknown,Unknown,Asphalt roads,Darkness - no lighting,Raining,Rollover,Unknown
2.0,17:57:00,Saturday,Asphalt roads,Darkness - no lighting,Raining,Rollover, Church areas
0.0,Unknown,Unknown,Asphalt roads,Darkness - lights lit,Raining,Vehicle with vehicle collision,Unknown
2.0,20:00:00,Wednesday,Asphalt roads,Darkness - lights lit,Raining,Vehicle with vehicle collision,Office areas
2.0,Unknown,Unknown,Asphalt roads,Darkness - lights lit,Raining,Vehicle with vehicle collision,Unknown
2.0,19:40:00,Thursday,Asphalt roads,Darkness - lights lit,Raining,Vehicle with vehicle collision,Other
2.0,Unknown,Unknown,Asphalt roads,Daylight,Raining,Vehicle with vehicle collision,Unknown
2.0,9:47:00,Saturday,Asphalt roads,Daylight,Raining,Vehicle with vehicle collision,Other
2.0,Unknown,Unknown,Asphalt roads,Daylight,Raining,Vehicle with vehicle collision,Unknown
2.0,11:05:00,Monday,Asphalt roads,Daylight,Raining,Vehicle with vehicle collision,Office areas
2.0,Unknown,Unknown,Asphalt roads,Daylight,Raining,Vehicle with vehicle collision,Unknown
2.0,12:26:00,Monday,Asphalt roads,Daylight,Raining,Vehicle with vehicle collision, Industrial areas
2.0,Unknown,Unknown,Asphalt roads,Daylight,Raining,Vehicle with vehicle collision,Unknown
2.0,11:55:00,Friday,Asphalt roads,Daylight,Raining,Vehicle with vehicle collision,Other
2.0,18:15:00,Thursday,Asphalt roads,Darkness - lights lit,Raining,Collision with roadside objects, Church areas
2.0,17:22:00,Sunday,Asphalt roads,Darkness - lights lit,Raining,Vehicle with vehicle collision,Office areas
2.0,8:25:00,Wednesday,Asphalt roads,Daylight,Raining,Vehicle with vehicle collision,Office areas
2.0,Unknown,Unknown,Asphalt roads,Daylight,Raining,Vehicle with vehicle collision,Unknown
2.0,15:10:00,Friday,Asphalt roads,Daylight,Raining,Vehicle with vehicle collision,Other
2.0,Unknown,Unknown,Earth roads,Daylight,Raining,Vehicle with vehicle collision,Unknown
2.0,12:39:00,Tuesday,Earth roads,Daylight,Raining,Vehicle with vehicle collision,Other
2.0,Unknown,Unknown,Asphalt roads,Daylight,Raining,Vehicle with vehicle collision,Unknown
2.0,11:39:00,Tuesday,Asphalt roads,Daylight,Raining,Vehicle with vehicle collision,Office areas
2.0,Unknown,Unknown,Gravel roads,Darkness - lights lit,Raining,Vehicle with vehicle collision,Unknown
2.0,18:23:00,Saturday,Gravel roads,Darkness - lights lit,Raining,Vehicle with vehicle collision, Church areas
1.0,Unknown,Unknown,Asphalt roads,Darkness - lights lit,Raining,Vehicle with vehicle collision,Unknown
2.0,19:17:00,Monday,Asphalt roads,Darkness - lights lit,Raining,Vehicle with vehicle collision,Office areas
2.0,Unknown,Unknown,Asphalt roads,Daylight,Raining,Fall from vehicles,Unknown
2.0,8:50:00,Monday,Asphalt roads,Daylight,Raining,Fall from vehicles,Unknown
2.0,Unknown,Unknown,Asphalt roads,Darkness - lights lit,Raining,Vehicle with vehicle collision,Unknown
2.0,18:39:00,Friday,Asphalt roads,Darkness - lights lit,Raining,Vehicle with vehicle collision,Office areas
2.0,Unknown,Unknown,Asphalt roads,Darkness - lights lit,Raining,Vehicle with vehicle collision,Unknown
2.0,0:29:00,Wednesday,Asphalt roads,Darkness - lights lit,Raining,Vehicle with vehicle collision,School areas
2.0,Unknown,Unknown,Gravel roads,Darkness - lights lit,Raining,Vehicle with vehicle collision,Unknown
2.0,20:40:00,Thursday,Gravel roads,Darkness - lights lit,Raining,Vehicle with vehicle collision,Other
1.0,Unknown,Unknown,Asphalt roads,Darkness - lights lit,Raining,Collision with roadside objects,Unknown
2.0,17:22:00,Sunday,Asphalt roads,Darkness - lights lit,Raining,Collision with roadside objects,Residential areas
2.0,Unknown,Unknown,Asphalt roads,Daylight,Raining,Collision with roadside objects,Unknown
2.0,17:00:00,Tuesday,Asphalt roads,Daylight,Raining,Collision with roadside objects, Church areas
2.0,Unknown,Unknown,Asphalt roads,Darkness - lights lit,Raining,Vehicle with vehicle collision,Unknown
2.0,17:11:00,Sunday,Asphalt roads,Darkness - lights lit,Raining,Vehicle with vehicle collision,Other
2.0,Unknown,Unknown,Asphalt roads,Darkness - lights lit,Raining,Collision with pedestrians,Unknown
2.0,0:29:00,Wednesday,Asphalt roads,Darkness - lights lit,Raining,Collision with pedestrians,Other
2.0,Unknown,Unknown,Asphalt roads,Daylight,Raining,Collision with roadside objects,Unknown
2.0,8:50:00,Friday,Asphalt roads,Daylight,Raining,Collision with roadside objects,Other
2.0,Unknown,Unknown,Asphalt roads,Daylight,Raining,Collision with roadside objects,Unknown
2.0,16:50:00,Monday,Asphalt roads,Daylight,Raining,Collision with roadside objects,Office areas
1.0,Unknown,Unknown,Asphalt roads,Daylight,Raining,Unknown,Unknown
2.0,13:00:00,Thursday,Asphalt roads,Daylight,Raining,Unknown, Church areas
1.0,Unknown,Unknown,Asphalt roads,Darkness - lights lit,Raining,Vehicle with vehicle collision,Unknown
2.0,18:15:00,Thursday,Asphalt roads,Darkness - lights lit,Raining,Vehicle with vehicle collision,Office areas
2.0,Unknown,Unknown,Asphalt roads,Darkness - lights lit,Raining,Vehicle with vehicle collision,Unknown
2.0,16:30:00,Saturday,Asphalt roads,Darkness - lights lit,Raining,Vehicle with vehicle collision,Other
2.0,Unknown,Unknown,Asphalt roads,Darkness - lights lit,Raining,Vehicle with vehicle collision,Unknown
2.0,15:35:00,Tuesday,Asphalt roads,Darkness - lights lit,Raining,Vehicle with vehicle collision,Residential areas
2.0,Unknown,Unknown,Asphalt roads,Daylight,Raining,Vehicle with vehicle collision,Unknown
2.0,13:43:00,Monday,Asphalt roads,Daylight,Raining,Vehicle with vehicle collision,Other
2.0,Unknown,Unknown,Asphalt roads,Daylight,Raining,Vehicle with vehicle collision,Unknown
2.0,17:09:00,Saturday,Asphalt roads,Daylight,Raining,Vehicle with vehicle collision,Office areas
2.0,Unknown,Unknown,Asphalt roads,Daylight,Raining,Vehicle with vehicle collision,Unknown
2.0,18:56:00,Monday,Asphalt roads,Daylight,Raining,Vehicle with vehicle collision,Residential areas
2.0,Unknown,Unknown,Other,Daylight,Raining,Collision with pedestrians,Unknown
2.0,13:43:00,Monday,Other,Daylight,Raining,Collision with pedestrians,Office areas
1.0,Unknown,Unknown,Other,Daylight,Raining,Collision with pedestrians,Unknown
2.0,16:04:00,Thursday,Other,Daylight,Raining,Collision with pedestrians,Office areas
2.0,Unknown,Unknown,Asphalt roads,Darkness - lights lit,Raining,Collision with roadside objects,Unknown
2.0,17:21:00,Thursday,Asphalt roads,Darkness - lights lit,Raining,Collision with roadside objects,Office areas
2.0,Unknown,Unknown,Asphalt roads,Darkness - lights unlit,Raining,Collision with roadside objects,Unknown
2.0,19:20:00,Sunday,Asphalt roads,Darkness - lights unlit,Raining,Collision with roadside objects,Other
2.0,Unknown,Unknown,Asphalt roads,Darkness - lights lit,Raining,Vehicle with vehicle collision,Unknown
2.0,11:30:00,Tuesday,Asphalt roads,Darkness - lights lit,Raining,Vehicle with vehicle collision,Other
2.0,Unknown,Unknown,Asphalt roads,Darkness - lights lit,Raining,Vehicle with vehicle collision,Unknown
2.0,21:30:00,Wednesday,Asphalt roads,Darkness - lights lit,Raining,Vehicle with vehicle collision,Office areas
2.0,Unknown,Unknown,Asphalt roads,Darkness - lights lit,Raining,Vehicle with vehicle collision,Unknown
2.0,22:20:00,Monday,Asphalt roads,Darkness - lights lit,Raining,Vehicle with vehicle collision, Church areas
2.0,Unknown,Unknown,Asphalt roads,Darkness - lights lit,Raining,Vehicle with vehicle collision,Unknown
2.0,20:40:00,Thursday,Asphalt roads,Darkness - lights lit,Raining,Vehicle with vehicle collision,Office areas
1.0,Unknown,Unknown,Asphalt roads,Daylight,Raining,Vehicle with vehicle collision,Unknown
2.0,5:49:00,Tuesday,Asphalt roads,Daylight,Raining,Vehicle with vehicle collision,Other
1.0,Unknown,Unknown,Asphalt roads,Daylight,Raining,Vehicle with vehicle collision,Unknown
2.0,5:49:00,Tuesday,Asphalt roads,Daylight,Raining,Vehicle with vehicle collision,Office areas
2.0,Unknown,Unknown,Asphalt roads,Daylight,Raining,Vehicle with vehicle collision,Unknown
2.0,13:40:00,Sunday,Asphalt roads,Daylight,Raining,Vehicle with vehicle collision,Office areas
2.0,Unknown,Unknown,Gravel roads,Daylight,Raining,Vehicle with vehicle collision,Unknown
2.0,13:45:00,Sunday,Gravel roads,Daylight,Raining,Vehicle with vehicle collision,Office areas
2.0,Unknown,Unknown,Asphalt roads,Darkness - lights lit,Raining,Collision with roadside objects,Unknown
2.0,8:28:00,Monday,Asphalt roads,Darkness - lights lit,Raining,Collision with roadside objects,Office areas
2.0,Unknown,Unknown,Asphalt roads,Darkness - lights lit,Raining,Vehicle with vehicle collision,Unknown
2.0,16:30:00,Saturday,Asphalt roads,Darkness - lights lit,Raining,Vehicle with vehicle collision,Other
2.0,Unknown,Unknown,Asphalt roads,Daylight,Raining,Vehicle with vehicle collision,Unknown
2.0,16:28:00,Tuesday,Asphalt roads,Daylight,Raining,Vehicle with vehicle collision,Other
2.0,14:01:00,Monday,Asphalt roads,Daylight,Raining,Vehicle with vehicle collision,Office areas
2.0,Unknown,Unknown,Asphalt roads,Daylight,Raining,With Train,Unknown
2.0,7:58:00,Thursday,Asphalt roads,Daylight,Raining,With Train,Office areas
2.0,Unknown,Unknown,Asphalt roads,Daylight,Raining,Vehicle with vehicle collision,Unknown
2.0,7:58:00,Thursday,Asphalt roads,Daylight,Raining,Vehicle with vehicle collision,Office areas
2.0,Unknown,Unknown,Asphalt roads,Daylight,Raining,Vehicle with vehicle collision,Unknown
2.0,17:10:00,Thursday,Asphalt roads,Daylight,Raining,Vehicle with vehicle collision,Residential areas
1.0,Unknown,Unknown,Asphalt roads,Daylight,Raining,Collision with roadside objects,Unknown
2.0,7:30:00,Friday,Asphalt roads,Daylight,Raining,Collision with roadside objects,Residential areas
2.0,Unknown,Unknown,Asphalt roads,Darkness - lights lit,Raining,Vehicle with vehicle collision,Unknown
2.0,22:00:00,Saturday,Asphalt roads,Darkness - lights lit,Raining,Vehicle with vehicle collision,Other
2.0,Unknown,Unknown,Asphalt roads,Darkness - lights lit,Raining,Vehicle with vehicle collision,Unknown
2.0,22:00:00,Saturday,Asphalt roads,Darkness - lights lit,Raining,Vehicle with vehicle collision,Other
2.0,Unknown,Unknown,Asphalt roads,Daylight,Raining,Vehicle with vehicle collision,Unknown
2.0,18:10:00,Friday,Asphalt roads,Daylight,Raining,Vehicle with vehicle collision,Office areas
2.0,Unknown,Unknown,Asphalt roads,Daylight,Raining,Vehicle with vehicle collision,Unknown
2.0,12:41:00,Tuesday,Asphalt roads,Daylight,Raining,Vehicle with vehicle collision, Church areas
2.0,Unknown,Unknown,Asphalt roads,Daylight,Raining,Vehicle with vehicle collision,Unknown
2.0,10:30:00,Friday,Asphalt roads,Daylight,Raining,Vehicle with vehicle collision,Other
1.0,Unknown,Unknown,Asphalt roads,Darkness - lights lit,Raining,Vehicle with vehicle collision,Unknown
2.0,17:45:00,Tuesday,Asphalt roads,Darkness - lights lit,Raining,Vehicle with vehicle collision,Other
2.0,Unknown,Unknown,Asphalt roads,Daylight,Raining,Vehicle with vehicle collision,Unknown
2.0,20:16:00,Sunday,Asphalt roads,Daylight,Raining,Vehicle with vehicle collision,Other
2.0,Unknown,Unknown,Asphalt roads,Darkness - lights lit,Raining,Collision with pedestrians,Unknown
2.0,1:56:00,Saturday,Asphalt roads,Darkness - lights lit,Raining,Collision with pedestrians,Other
2.0,Unknown,Unknown,Asphalt roads,Daylight,Raining,Collision with pedestrians,Unknown
2.0,10:58:00,Sunday,Asphalt roads,Daylight,Raining,Collision with pedestrians,Other
2.0,Unknown,Unknown,Asphalt roads,Darkness - lights lit,Raining,Vehicle with vehicle collision,Unknown
2.0,19:30:00,Monday,Asphalt roads,Darkness - lights lit,Raining,Vehicle with vehicle collision,Office areas
2.0,Unknown,Unknown,Asphalt roads,Darkness - lights lit,Raining,Vehicle with vehicle collision,Unknown
2.0,19:19:00,Friday,Asphalt roads,Darkness - lights lit,Raining,Vehicle with vehicle collision,Office areas
2.0,Unknown,Unknown,Asphalt roads,Darkness - lights lit,Raining,Vehicle with vehicle collision,Unknown
2.0,17:56:00,Friday,Asphalt roads,Darkness - lights lit,Raining,Vehicle with vehicle collision,Office areas
2.0,Unknown,Unknown,Asphalt roads,Darkness - lights lit,Raining,Vehicle with vehicle collision,Unknown
2.0,19:50:00,Tuesday,Asphalt roads,Darkness - lights lit,Raining,Vehicle with vehicle collision,Office areas
2.0,Unknown,Unknown,Asphalt roads,Daylight,Raining,Vehicle with vehicle collision,Unknown
2.0,21:20:00,Friday,Asphalt roads,Daylight,Raining,Vehicle with vehicle collision,Office areas
2.0,Unknown,Unknown,Asphalt roads,Daylight,Raining,Vehicle with vehicle collision,Unknown
2.0,12:36:00,Tuesday,Asphalt roads,Daylight,Raining,Vehicle with vehicle collision,Other
2.0,Unknown,Unknown,Asphalt roads,Daylight,Raining,Vehicle with vehicle collision,Unknown
2.0,10:58:00,Sunday,Asphalt roads,Daylight,Raining,Vehicle with vehicle collision,Other
2.0,Unknown,Unknown,Gravel roads,Daylight,Raining,Vehicle with vehicle collision,Unknown
2.0,8:23:00,Tuesday,Gravel roads,Daylight,Raining,Vehicle with vehicle collision,Office areas
2.0,Unknown,Unknown,Gravel roads,Daylight,Raining,Vehicle with vehicle collision,Unknown
2.0,13:57:00,Wednesday,Gravel roads,Daylight,Raining,Vehicle with vehicle collision,Other
2.0,Unknown,Unknown,Asphalt roads,Darkness - lights lit,Raining,Collision with pedestrians,Unknown
2.0,23:45:00,Friday,Asphalt roads,Darkness - lights lit,Raining,Collision with pedestrians, Church areas
1.0,Unknown,Unknown,Asphalt roads,Darkness - lights lit,Raining,Collision with pedestrians,Unknown
2.0,4:57:00,Saturday,Asphalt roads,Darkness - lights lit,Raining,Collision with pedestrians,Other