accident_severity,time,day_of_week,road_surface_type,light_conditions,weather_conditions,type_of_collision,area_accident_occured
2.0,Unknown,Unknown,Asphalt roads,Daylight,Raining,Collision with roadside objects,Unknown
2.0,16:10:00,Friday,Asphalt roads,Daylight,Raining,Collision with roadside objects,Office areas
2.0,Unknown,Unknown,Asphalt roads,Darkness - lights lit,Raining,Vehicle with vehicle collision,Unknown
2.0,17:50:00,Friday,Asphalt roads,Darkness - lights lit,Raining,Vehicle with vehicle collision,Other
2.0,Unknown,Unknown,Asphalt roads,Darkness - lights lit,Raining,Vehicle with vehicle collision,Unknown
2.0,1:20:00,Monday,Asphalt roads,Darkness - lights lit,Raining,Vehicle with vehicle collision, Church areas
2.0,Unknown,Unknown,Asphalt roads,Daylight,Raining,Vehicle with vehicle collision,Unknown
2.0,13:02:00,Monday,Asphalt roads,Daylight,Raining,Vehicle with vehicle collision,Other
2.0,Unknown,Unknown,Asphalt roads,Daylight,Raining,Vehicle with vehicle collision,Unknown
2.0,13:43:00,Monday,Asphalt roads,Daylight,Raining,Vehicle with vehicle collision, Church areas
1.0,Unknown,Unknown,Asphalt roads,Darkness - lights lit,Raining,Vehicle with vehicle collision,Unknown
2.0,22:35:00,Monday,Asphalt roads,Darkness - lights lit,Raining,Vehicle with vehicle collision, Outside rural areas
2.0,Unknown,Unknown,Earth roads,Daylight,Raining,Vehicle with vehicle collision,Unknown
2.0,13:00:00,Friday,Earth roads,Daylight,Raining,Vehicle with vehicle collision,Other
2.0,Unknown,Unknown,Asphalt roads,Darkness - lights lit,Raining,Collision with roadside objects,Unknown
2.0,18:30:00,Monday,Asphalt roads,Darkness - lights lit,Raining,Collision with roadside objects, Church areas
2.0,Unknown,Unknown,Asphalt roads,Daylight,Raining,Rollover,Unknown
2.0,16:10:00,Friday,Asphalt roads,Daylight,Raining,Rollover,Office areas
2.0,Unknown,Unknown,Asphalt roads,Daylight,Raining,Vehicle with vehicle collision,Unknown
2.0,12:30:00,Friday,Asphalt roads,Daylight,Raining,Vehicle with vehicle collision, Church areas
1.0,Unknown,Unknown,Asphalt roads,Daylight,Raining,Vehicle with vehicle collision,Unknown
2.0,7:35:00,Monday,Asphalt roads,Daylight,Raining,Vehicle with vehicle collision,Residential areas
0.0,Unknown,Unknown,Asphalt roads,Daylight,Raining,Collision with pedestrians,Unknown
2.0,16:25:00,Sunday,Asphalt roads,Daylight,Raining,Collision with pedestrians,Office areas
2.0,Unknown,Unknown,Asphalt roads,Darkness - lights lit,Raining,Vehicle with vehicle collision,Unknown
2.0,17:45:00,Sunday,Asphalt roads,Darkness - lights lit,Raining,Vehicle with vehicle collision, Industrial areas
2.0,Unknown,Unknown,Asphalt roads,Daylight,Raining,Collision with pedestrians,Unknown
2.0,8:48:00,Wednesday,Asphalt roads,Daylight,Raining,Collision with pedestrians,School areas
2.0,Unknown,Unknown,Asphalt roads,Daylight,Raining,Collision with roadside objects,Unknown
2.0,15:30:00,Sunday,Asphalt roads,Daylight,Raining,Collision with roadside objects, Hospital areas
2.0,Unknown,Unknown,Asphalt roads,Darkness - lights lit,Raining,Vehicle with vehicle collision,Unknown
2.0,20:32:00,Tuesday,Asphalt roads,Darkness - lights lit,Raining,Vehicle with vehicle collision,Office areas
2.0,Unknown,Unknown,Asphalt roads,Daylight,Raining,Vehicle with vehicle collision,Unknown
2.0,17:25:00,Friday,Asphalt roads,Daylight,Raining,Vehicle with vehicle collision,Office areas
2.0,Unknown,Unknown,Asphalt roads,Daylight,Raining,Collision with roadside objects,Unknown
2.0,5:20:00,Thursday,Asphalt roads,Daylight,Raining,Collision with roadside objects,Residential areas
2.0,Unknown,Unknown,Asphalt roads,Darkness - lights lit,Raining,Vehicle with vehicle collision,Unknown
2.0,9:25:00,Tuesday,Asphalt roads,Darkness - lights lit,Raining,Vehicle with vehicle collision,Office areas
2.0,Unknown,Unknown,Asphalt roads,Daylight,Raining,Vehicle with vehicle collision,Unknown
2.0,9:45:00,Monday,Asphalt roads,Daylight,Raining,Vehicle with vehicle collision,Office areas
2.0,Unknown,Unknown,Asphalt roads,Daylight,Raining,Vehicle with vehicle collision,Unknown
2.0,9:25:00,Tuesday,Asphalt roads,Daylight,Raining,Vehicle with vehicle collision, Industrial areas
2.0,Unknown,Unknown,Asphalt roads,Daylight,Raining,Vehicle with vehicle collision,Unknown
2.0,12:34:00,Monday,Asphalt roads,Daylight,Raining,Vehicle with vehicle collision,Office areas
2.0,Unknown,Unknown,Asphalt roads,Daylight,Raining,Collision with roadside objects,Unknown
2.0,11:10:00,Saturday,Asphalt roads,Daylight,Raining,Collision with roadside objects,Other
1.0,Unknown,Unknown,Asphalt roads,Darkness - lights lit,Raining,Vehicle with vehicle collision,Unknown
2.0,22:05:00,Friday,Asphalt roads,Darkness - lights lit,Raining,Vehicle with vehicle collision,Other
2.0,Unknown,Unknown,Asphalt roads,Darkness - lights lit,Raining,Vehicle with vehicle collision,Unknown
2.0,19:00:00,Tuesday,Asphalt roads,Darkness - lights lit,Raining,Vehicle with vehicle collision,Other
2.0,Unknown,Unknown,Asphalt roads,Daylight,Raining,Vehicle with vehicle collision,Unknown
2.0,7:53:00,Thursday,Asphalt roads,Daylight,Raining,Vehicle with vehicle collision,Other
1.0,Unknown,Unknown,Asphalt roads,Daylight,Raining,Vehicle with vehicle collision,Unknown
2.0,10:30:00,Sunday,Asphalt roads,Daylight,Raining,Vehicle with vehicle collision, Church areas
2.0,Unknown,Unknown,Other,Darkness - lights lit,Raining,Collision with roadside objects,Unknown
2.0,18:17:00,Friday,Other,Darkness - lights lit,Raining,Collision with roadside objects,Other
2.0,Unknown,Unknown,Asphalt roads,Darkness - lights lit,Raining,Vehicle with vehicle collision,Unknown
2.0,20:01:00,Sunday,Asphalt roads,Darkness - lights lit,Raining,Vehicle with vehicle collision,Other
1.0,Unknown,Unknown,Asphalt roads,Daylight,Raining,Vehicle with vehicle collision,Unknown
2.0,7:30:00,Friday,Asphalt roads,Daylight,Raining,Vehicle with vehicle collision,Office areas
2.0,Unknown,Unknown,Asphalt roads,Daylight,Raining,Collision with pedestrians,Unknown
2.0,13:07:00,Sunday,Asphalt roads,Daylight,Raining,Collision with pedestrians,Other
2.0,Unknown,Unknown,Asphalt roads,Daylight,Raining,Collision with roadside objects,Unknown
2.0,17:09:00,Saturday,Asphalt roads,Daylight,Raining,Collision with roadside objects,Office areas
2.0,Unknown,Unknown,Asphalt roads,Daylight,Raining,Collision with roadside objects,Unknown
2.0,12:05:00,Friday,Asphalt roads,Daylight,Raining,Collision with roadside objects,Residential areas
1.0,Unknown,Unknown,Asphalt roads,Darkness - lights lit,Raining,Vehicle with vehicle collision,Unknown
2.0,21:05:00,Thursday,Asphalt roads,Darkness - lights lit,Raining,Vehicle with vehicle collision,Office areas
2.0,Unknown,Unknown,Asphalt roads,Daylight,Raining,Vehicle with vehicle collision,Unknown
2.0,10:38:00,Saturday,Asphalt roads,Daylight,Raining,Vehicle with vehicle collision,Other
2.0,Unknown,Unknown,Asphalt roads,Daylight,Raining,Vehicle with vehicle collision,Unknown
2.0,16:10:00,Wednesday,Asphalt roads,Daylight,Raining,Vehicle with vehicle collision,Other
2.0,Unknown,Unknown,Asphalt roads,Darkness - lights lit,Raining,Collision with roadside objects,Unknown
2.0,16:10:00,Wednesday,Asphalt roads,Darkness - lights lit,Raining,Collision with roadside objects,Other
2.0,Unknown,Unknown,Asphalt roads,Darkness - lights lit,Raining,Vehicle with vehicle collision,Unknown
2.0,1:20:00,Sunday,Asphalt roads,Darkness - lights lit,Raining,Vehicle with vehicle collision,Residential areas
2.0,Unknown,Unknown,Asphalt roads,Darkness - lights lit,Raining,Vehicle with vehicle collision,Unknown
2.0,19:10:00,Friday,Asphalt roads,Darkness - lights lit,Raining,Vehicle with vehicle collision,Other
2.0,Unknown,Unknown,Asphalt roads,Daylight,Raining,Vehicle with vehicle collision,Unknown
2.0,13:34:00,Friday,Asphalt roads,Daylight,Raining,Vehicle with vehicle collision,Office areas
2.0,Unknown,Unknown,Asphalt roads,Daylight,Raining,Vehicle with vehicle collision,Unknown
2.0,16:00:00,Friday,Asphalt roads,Daylight,Raining,Vehicle with vehicle collision,Office areas
2.0,Unknown,Unknown,Asphalt roads,Daylight,Raining,Vehicle with vehicle collision,Unknown
2.0,13:07:00,Sunday,Asphalt roads,Daylight,Raining,Vehicle with vehicle collision, Church areas
2.0,Unknown,Unknown,Asphalt roads,Daylight,Raining,Vehicle with vehicle collision,Unknown
2.0,14:42:00,Sunday,Asphalt roads,Daylight,Raining,Vehicle with vehicle collision,Other
2.0,Unknown,Unknown,Asphalt roads,Darkness - lights lit,Raining,Vehicle with vehicle collision,Unknown
2.0,6:50:00,Wednesday,Asphalt roads,Darkness - lights lit,Raining,Vehicle with vehicle collision,Office areas
2.0,Unknown,Unknown,Asphalt roads,Daylight,Raining,Vehicle with vehicle collision,Unknown
2.0,19:02:00,Thursday,Asphalt roads,Daylight,Raining,Vehicle with vehicle collision,  Recreational areas
0.0,Unknown,Unknown,Unknown,Daylight,Raining,Vehicle with vehicle collision,Unknown
2.0,18:32:00,Tuesday,,Daylight,Raining,Vehicle with vehicle collision,  Recreational areas
2.0,Unknown,Unknown,Asphalt roads,Darkness - lights lit,Raining,Vehicle with vehicle collision,Unknown
2.0,18:15:00,Thursday,Asphalt roads,Darkness - lights lit,Raining,Vehicle with vehicle collision, Hospital areas
2.0,Unknown,Unknown,Asphalt roads,Daylight,Raining,Vehicle with vehicle collision,Unknown
2.0,6:12:00,Saturday,Asphalt roads,Daylight,Raining,Vehicle with vehicle collision,Residential areas
2.0,Unknown,Unknown,Earth roads,Daylight,Raining,Vehicle with vehicle collision,Unknown
2.0,11:05:00,Thursday,Earth roads,Daylight,Raining,Vehicle with vehicle collision,Office areas
2.0,Unknown,Unknown,Earth roads,Daylight,Raining,Vehicle with vehicle collision,Unknown
2.0,16:01:00,Friday,Earth roads,Daylight,Raining,Vehicle with vehicle collision,Office areas
1.0,Unknown,Unknown,Asphalt roads,Daylight,Raining,Vehicle with vehicle collision,Unknown
2.0,5:49:00,Tuesday,Asphalt roads,Daylight,Raining,Vehicle with vehicle collision,Office areas
2.0,Unknown,Unknown,Asphalt roads,Darkness - lights lit,Raining,Vehicle with vehicle collision,Unknown
2.0,16:30:00,Saturday,Asphalt roads,Darkness - lights lit,Raining,Vehicle with vehicle collision,Residential areas
2.0,Unknown,Unknown,Asphalt roads,Darkness - lights lit,Raining,Vehicle with vehicle collision,Unknown
2.0,6:50:00,Wednesday,Asphalt roads,Darkness - lights lit,Raining,Vehicle with vehicle collision,Office areas
2.0,Unknown,Unknown,Asphalt roads,Darkness - lights lit,Raining,Vehicle with vehicle collision,Unknown
2.0,0:45:00,Friday,Asphalt roads,Darkness - lights lit,Raining,Vehicle with vehicle collision,Office areas
2.0,Unknown,Unknown,Asphalt roads,Daylight,Raining,Collision with pedestrians,Unknown
2.0,12:48:00,Sunday,Asphalt roads,Daylight,Raining,Collision with pedestrians,Residential areas
2.0,Unknown,Unknown,Asphalt roads,Daylight,Raining,Vehicle with vehicle collision,Unknown
2.0,12:35:00,Monday,Asphalt roads,Daylight,Raining,Vehicle with vehicle collision,Office areas
2.0,Unknown,Unknown,Asphalt roads,Daylight,Raining,Vehicle with vehicle collision,Unknown
2.0,18:56:00,Monday,Asphalt roads,Daylight,Raining,Vehicle with vehicle collision,Office areas
2.0,Unknown,Unknown,Asphalt roads,Daylight,Raining,Collision with roadside objects,Unknown
2.0,12:48:00,Sunday,Asphalt roads,Daylight,Raining,Collision with roadside objects,Residential areas
2.0,Unknown,Unknown,Asphalt roads,Darkness - lights lit,Raining,Vehicle with vehicle collision,Unknown
2.0,4:45:00,Saturday,Asphalt roads,Darkness - lights lit,Raining,Vehicle with vehicle collision,Other
2.0,Unknown,Unknown,Asphalt roads,Darkness - lights lit,Raining,Collision with pedestrians,Unknown
2.0,20:17:00,Monday,Asphalt roads,Darkness - lights lit,Raining,Collision with pedestrians,Other
2.0,Unknown,Unknown,Asphalt roads,Darkness - lights unlit,Raining,Collision with roadside objects,Unknown
2.0,18:15:00,Monday,Asphalt roads,Darkness - lights unlit,Raining,Collision with roadside objects,Office areas
2.0,Unknown,Unknown,Asphalt roads,Darkness - lights lit,Raining,Vehicle with vehicle collision,Unknown
2.0,21:35:00,Saturday,Asphalt roads,Darkness - lights lit,Raining,Vehicle with vehicle collision,  Recreational areas
2.0,Unknown,Unknown,Asphalt roads,Darkness - no lighting,Raining,Vehicle with vehicle collision,Unknown
2.0,16:20:00,Monday,Asphalt roads,Darkness - no lighting,Raining,Vehicle with vehicle collision,Office areas
2.0,Unknown,Unknown,Asphalt roads,Daylight,Raining,Vehicle with vehicle collision,Unknown
2.0,7:45:00,Friday,Asphalt roads,Daylight,Raining,Vehicle with vehicle collision,Residential areas
2.0,Unknown,Unknown,Asphalt roads,Daylight,Raining,Vehicle with vehicle collision,Unknown
2.0,16:17:00,Wednesday,Asphalt roads,Daylight,Raining,Vehicle with vehicle collision,Other
2.0,Unknown,Unknown,Asphalt roads,Darkness - lights lit,Raining,Vehicle with vehicle collision,Unknown
2.0,4:00:00,Friday,Asphalt roads,Darkness - lights lit,Raining,Vehicle with vehicle collision, Church areas
2.0,Unknown,Unknown,Asphalt roads,Daylight,Raining,Vehicle with vehicle collision,Unknown
2.0,17:45:00,Tuesday,Asphalt roads,Daylight,Raining,Vehicle with vehicle collision,Residential areas
1.0,Unknown,Unknown,Asphalt roads,Daylight,Raining,Vehicle with vehicle collision,Unknown
2.0,13:15:00,Saturday,Asphalt roads,Daylight,Raining,Vehicle with vehicle collision,Residential areas
2.0,Unknown,Unknown,Asphalt roads,Darkness - lights lit,Raining,Vehicle with vehicle collision,Unknown
2.0,22:45:00,Monday,Asphalt roads,Darkness - lights lit,Raining,Vehicle with vehicle collision,Residential areas
2.0,Unknown,Unknown,Asphalt roads,Daylight,Raining,Vehicle with vehicle collision,Unknown
2.0,8:20:00,Thursday,Asphalt roads,Daylight,Raining,Vehicle with vehicle collision,Other
1.0,Unknown,Unknown,Asphalt roads,Daylight,Raining,Vehicle with vehicle collision,Unknown
2.0,14:40:00,Saturday,Asphalt roads,Daylight,Raining,Vehicle with vehicle collision,Other
2.0,Unknown,Unknown,Asphalt roads,Daylight,Raining,Vehicle with vehicle collision,Unknown
2.0,7:50:00,Thursday,Asphalt roads,Daylight,Raining,Vehicle with vehicle collision, Outside rural areas
2.0,Unknown,Unknown,Asphalt roads,Daylight,Raining,Collision with roadside objects,Unknown
2.0,8:43:00,Wednesday,Asphalt roads,Daylight,Raining,Collision with roadside objects, Church areas
2.0,Unknown,Unknown,Asphalt roads,Darkness - lights lit,Raining,Vehicle with vehicle collision,Unknown
2.0,17:35:00,Wednesday,Asphalt roads,Darkness - lights lit,Raining,Vehicle with vehicle collision,Office areas
2.0,Unknown,Unknown,Asphalt roads,Daylight,Raining,Vehicle with vehicle collision,Unknown
2.0,15:30:00,Friday,Asphalt roads,Daylight,Raining,Vehicle with vehicle collision,  Recreational areas
1.0,Unknown,Unknown,Earth roads,Daylight,Raining,Vehicle with vehicle collision,Unknown
2.0,10:50:00,Wednesday,Earth roads,Daylight,Raining,Vehicle with vehicle collision,  Recreational areas
1.0,Unknown,Unknown,Asphalt roads,Darkness - lights lit,Raining,Vehicle with vehicle collision,Unknown
2.0,21:05:00,Thursday,Asphalt roads,Darkness - lights lit,Raining,Vehicle with vehicle collision,Office areas
2.0,Unknown,Unknown,Asphalt roads,Darkness - no lighting,Raining,Vehicle with vehicle collision,Unknown
2.0,16:42:00,Tuesday,Asphalt roads,Darkness - no lighting,Raining,Vehicle with vehicle collision,Other
2.0,Unknown,Unknown,Asphalt roads,Daylight,Raining,Collision with roadside objects,Unknown
2.0,13:16:00,Wednesday,Asphalt roads,Daylight,Raining,Collision with roadside objects,Residential areas
2.0,Unknown,Unknown,Asphalt roads,Darkness - lights lit,Raining,Vehicle with vehicle collision,Unknown
2.0,19:40:00,Monday,Asphalt roads,Darkness - lights lit,Raining,Vehicle with vehicle collision,Office areas
2.0,Unknown,Unknown,Asphalt roads,Daylight,Raining,Vehicle with vehicle collision,Unknown
2.0,13:07:00,Sunday,Asphalt roads,Daylight,Raining,Vehicle with vehicle collision,Other
2.0,Unknown,Unknown,Asphalt roads,Daylight,Raining,Vehicle with vehicle collision,Unknown
2.0,14:00:00,Monday,Asphalt roads,Daylight,Raining,Vehicle with vehicle collision,Office areas
2.0,Unknown,Unknown,Asphalt roads,Darkness - lights lit,Raining,Vehicle with vehicle collision,Unknown
2.0,7:35:00,Thursday,Asphalt roads,Darkness - lights lit,Raining,Vehicle with vehicle collision,Office areas
2.0,Unknown,Unknown,Asphalt roads,Daylight,Raining,Vehicle with vehicle collision,Unknown
2.0,15:45:00,Tuesday,Asphalt roads,Daylight,Raining,Vehicle with vehicle collision,Office areas
1.0,Unknown,Unknown,Asphalt roads,Darkness - lights lit,Raining,Rollover,Unknown
2.0,6:35:00,Friday,Asphalt roads,Darkness - lights lit,Raining,Rollover,Other
2.0,Unknown,Unknown,Asphalt roads,Darkness - lights lit,Raining,Vehicle with vehicle collision,Unknown
2.0,3:00:00,Saturday,Asphalt roads,Darkness - lights lit,Raining,Vehicle with vehicle collision, Church areas
2.0,Unknown,Unknown,Asphalt roads,Daylight,Raining,Vehicle with vehicle collision,Unknown
2.0,17:55:00,Monday,Asphalt roads,Daylight,Raining,Vehicle with vehicle collision,Residential areas
2.0,Unknown,Unknown,Asphalt roads,Darkness - lights lit,Raining,Vehicle with vehicle collision,Unknown
2.0,16:30:00,Saturday,Asphalt roads,Darkness - lights lit,Raining,Vehicle with vehicle collision,Office areas
2.0,Unknown,Unknown,Asphalt roads,Darkness - lights lit,Raining,Vehicle with vehicle collision,Unknown
2.0,22:00:00,Saturday,Asphalt roads,Darkness - lights lit,Raining,Vehicle with vehicle collision,School areas
2.0,Unknown,Unknown,Asphalt roads,Daylight,Raining,Vehicle with vehicle collision,Unknown
2.0,18:30:00,Sunday,Asphalt roads,Daylight,Raining,Vehicle with vehicle collision,Other
2.0,Unknown,Unknown,Asphalt roads,Daylight,Raining,Vehicle with vehicle collision,Unknown
2.0,8:45:00,Thursday,Asphalt roads,Daylight,Raining,Vehicle with vehicle collision, Church areas
2.0,Unknown,Unknown,Earth roads,Daylight,Raining,Vehicle with vehicle collision,Unknown
2.0,15:42:00,Sunday,Earth roads,Daylight,Raining,Vehicle with vehicle collision,Other
2.0,Unknown,Unknown,Asphalt roads,Darkness - lights lit,Raining,Vehicle with vehicle collision,Unknown
2.0,0:29:00,Wednesday,Asphalt roads,Darkness - lights lit,Raining,Vehicle with vehicle collision,Other
2.0,Unknown,Unknown,Asphalt roads,Daylight,Raining,Vehicle with vehicle collision,Unknown
2.0,16:55:00,Monday,Asphalt roads,Daylight,Raining,Vehicle with vehicle collision,Other
2.0,Unknown,Unknown,Asphalt roads,Daylight,Raining,Vehicle with vehicle collision,Unknown
2.0,16:09:00,Monday,Asphalt roads,Daylight,Raining,Vehicle with vehicle collision,Office areas
2.0,Unknown,Unknown,Asphalt roads,Daylight,Raining,Vehicle with vehicle collision,Unknown
2.0,16:30:00,Tuesday,Asphalt roads,Daylight,Raining,Vehicle with vehicle collision,Office areas
0.0,Unknown,Unknown,Asphalt roads,Daylight,Raining,Vehicle with vehicle collision,Unknown
2.0,Unknown,Unknown,Asphalt roads,Daylight,Raining,Collision with roadside objects,Unknown
1.0,Unknown,Unknown,Asphalt roads,Daylight,Raining,Rollover,Unknown
2.0,Unknown,Unknown,Asphalt roads,Daylight,Raining,Vehicle with vehicle collision,Unknown
2.0,Unknown,Unknown,Asphalt roads,Daylight,Raining,Vehicle with vehicle collision,Unknown
2.0,9:36:00,Wednesday,Asphalt roads,Daylight,Raining,Vehicle with vehicle collision,Other
2.0,Unknown,Unknown,Asphalt roads,Daylight,Raining,Vehicle with vehicle collision,Unknown
2.0,Unknown,Unknown,Asphalt roads,Daylight,Raining,Vehicle with vehicle collision,Unknown
2.0,Unknown,Unknown,Asphalt roads,Daylight,Raining,Vehicle with vehicle collision,Unknown
2.0,Unknown,Unknown,Asphalt roads,Daylight,Raining,Vehicle with vehicle collision,Unknown
2.0,Unknown,Unknown,Other,Darkness - lights lit,Raining,Collision with roadside objects,Unknown
2.0,18:45:00,Thursday,Other,Darkness - lights lit,Raining,Collision with roadside objects,Office areas
1.0,Unknown,Unknown,Asphalt roads,Daylight,Raining,Unknown,Unknown
2.0,Unknown,Unknown,Asphalt roads,Darkness - lights lit,Raining,Vehicle with vehicle collision,Unknown
1.0,Unknown,Unknown,Asphalt roads,Daylight,Raining,Collision with pedestrians,Unknown
1.0,Unknown,Unknown,Asphalt roads,Darkness - lights lit,Raining,Rollover,Unknown
2.0,Unknown,Unknown,Asphalt roads,Daylight,Raining,Vehicle with vehicle collision,Unknown
2.0,Unknown,Unknown,Asphalt roads,Darkness - lights lit,Raining,Vehicle with vehicle collision,Unknown
2.0,Unknown,Unknown,Asphalt roads,Daylight,Raining,Vehicle with vehicle collision,Unknown
2.0,Unknown,Unknown,Asphalt roads,Daylight,Raining,Vehicle with vehicle collision,Unknown
2.0,11:10:00,Sunday,Asphalt roads,Daylight,Raining,Vehicle with vehicle collision,Other
2.0,Unknown,Unknown,Asphalt roads,Daylight,Raining,Vehicle with vehicle collision,Unknown
2.0,20:30:00,Sunday,Asphalt roads,Daylight,Raining,Vehicle with vehicle collision,Other
2.0,Unknown,Unknown,Asphalt roads,Daylight,Raining,Vehicle with vehicle collision,Unknown
2.0,16:28:00,Tuesday,Asphalt roads,Daylight,Raining,Vehicle with vehicle collision,School areas
2.0,16:25:00,Sunday,Asphalt roads,Daylight,Raining,Vehicle with vehicle collision,Other
2.0,7:50:00,Wednesday,Asphalt roads,Daylight,Raining,Collision with roadside objects,Other
2.0,16:04:00,Thursday,Asphalt roads,Daylight,Raining,Rollover,Other
2.0,11:10:00,Saturday,Asphalt roads,Daylight,Raining,Vehicle with vehicle collision,Office areas
2.0,16:46:00,Thursday,Asphalt roads,Daylight,Raining,Vehicle with vehicle collision,Office areas
2.0,12:50:00,Monday,Asphalt roads,Daylight,Raining,Vehicle with vehicle collision,Office areas
2.0,7:30:00,Wednesday,Asphalt roads,Daylight,Raining,Vehicle with vehicle collision, Church areas
2.0,16:58:00,Monday,Asphalt roads,Daylight,Raining,Vehicle with vehicle collision, Industrial areas
2.0,16:17:00,Tuesday,Asphalt roads,Daylight,Raining,,Office areas
2.0,17:43:00,Friday,Asphalt roads,Darkness - lights lit,Raining,Vehicle with vehicle collision,Office areas
2.0,15:30:00,Monday,Asphalt roads,Daylight,Raining,Collision with pedestrians,Office areas
2.0,22:14:00,Thursday,Asphalt roads,Darkness - lights lit,Raining,Rollover,Other
2.0,13:40:00,Sunday,Asphalt roads,Daylight,Raining,Vehicle with vehicle collision,Other
2.0,0:50:00,Saturday,Asphalt roads,Darkness - lights lit,Raining,Vehicle with vehicle collision,Other
2.0,9:25:00,Tuesday,Asphalt roads,Daylight,Raining,Vehicle with vehicle collision,Unknown
2.0,Unknown,Unknown,Asphalt roads,Daylight,Raining,Vehicle with vehicle collision,Unknown
2.0,8:35:00,Wednesday,Asphalt roads,Daylight,Raining,Vehicle with vehicle collision,Residential areas
2.0,Unknown,Unknown,Asphalt roads,Darkness - lights lit,Raining,Collision with roadside objects,Unknown
2.0,18:20:00,Tuesday,Asphalt roads,Darkness - lights lit,Raining,Collision with roadside objects,Residential areas
2.0,Unknown,Unknown,Asphalt roads,Daylight,Raining,Vehicle with vehicle collision,Unknown
2.0,16:20:00,Wednesday,Asphalt roads,Daylight,Raining,Vehicle with vehicle collision, Church areas
2.0,Unknown,Unknown,Asphalt roads,Daylight,Raining,Vehicle with vehicle collision,Unknown
2.0,7:40:00,Monday,Asphalt roads,Daylight,Raining,Vehicle with vehicle collision,Other
0.0,Unknown,Unknown,Asphalt roads,Daylight,Raining,Collision with roadside objects,Unknown
2.0,19:55:00,Sunday,Asphalt roads,Daylight,Raining,Collision with roadside objects,Other
2.0,Unknown,Unknown,Asphalt roads,Daylight,Raining,Vehicle with vehicle collision,Unknown
2.0,13:22:00,Sunday,Asphalt roads,Daylight,Raining,Vehicle with vehicle collision,Unknown
2.0,Unknown,Unknown,Asphalt roads,Daylight,Raining,Vehicle with vehicle collision,Unknown
2.0,8:01:00,Monday,Asphalt roads,Daylight,Raining,Vehicle with vehicle collision,Other
2.0,Unknown,Unknown,Asphalt roads,Darkness - lights lit,Raining,Vehicle with vehicle collision,Unknown
2.0,18:30:00,Monday,Asphalt roads,Darkness - lights lit,Raining,Vehicle with vehicle collision,Other
2.0,Unknown,Unknown,Asphalt roads,Darkness - lights lit,Raining,Vehicle with vehicle collision,Unknown
2.0,1:56:00,Saturday,Asphalt roads,Darkness - lights lit,Raining,Vehicle with vehicle collision,Other
2.0,Unknown,Unknown,Asphalt roads,Darkness - lights lit,Raining,Vehicle with vehicle collision,Unknown
2.0,23:40:00,Tuesday,Asphalt roads,Darkness - lights lit,Raining,Vehicle with vehicle collision,Unknown
1.0,Unknown,Unknown,Asphalt roads,Darkness - lights lit,Raining,Vehicle with vehicle collision,Unknown
2.0,19:41:00,Thursday,Asphalt roads,Darkness - lights lit,Raining,Vehicle with vehicle collision,Office areas
2.0,Unknown,Unknown,Asphalt roads,Darkness - lights lit,Raining,Vehicle with vehicle collision,Unknown
2.0,18:45:00,Wednesday,Asphalt roads,Darkness - lights lit,Raining,Vehicle with vehicle collision,Other
2.0,Unknown,Unknown,Asphalt roads,Darkness - no lighting,Raining,Vehicle with vehicle collision,Unknown
2.0,19:31:00,Wednesday,Asphalt roads,Darkness - no lighting,Raining,Vehicle with vehicle collision,Office areas
2.0,Unknown,Unknown,Asphalt roads,Daylight,Raining,Vehicle with vehicle collision,Unknown
2.0,12:48:00,Sunday,Asphalt roads,Daylight,Raining,Vehicle with vehicle collision,Office areas
2.0,Unknown,Unknown,Asphalt roads,Daylight,Raining,Collision with pedestrians,Unknown
2.0,16:30:00,Tuesday,Asphalt roads,Daylight,Raining,Collision with pedestrians, Church areas
2.0,Unknown,Unknown,Asphalt roads,Darkness - lights lit,Raining,Collision with roadside objects,Unknown
2.0,22:05:00,Thursday,Asphalt roads,Darkness - lights lit,Raining,Collision with roadside objects,Residential areas
2.0,Unknown,Unknown,Asphalt roads,Daylight,Raining,Collision with roadside objects,Unknown
2.0,12:48:00,Sunday,Asphalt roads,Daylight,Raining,Collision with roadside objects,Residential areas
2.0,Unknown,Unknown,Asphalt roads,Darkness - lights lit,Raining,Vehicle with vehicle collision,Unknown
2.0,4:00:00,Friday,Asphalt roads,Darkness - lights lit,Raining,Vehicle with vehicle collision,Other
2.0,Unknown,Unknown,Asphalt roads,Darkness - no lighting,Raining,Vehicle with vehicle collision,Unknown
2.0,19:31:00,Wednesday,Asphalt roads,Darkness - no lighting,Raining,Vehicle with vehicle collision,Residential areas
2.0,Unknown,Unknown,Asphalt roads,Daylight,Raining,Vehicle with vehicle collision,Unknown
2.0,6:03:00,Friday,Asphalt roads,Daylight,Raining,Vehicle with vehicle collision,Office areas
2.0,Unknown,Unknown,Asphalt roads,Daylight,Raining,Vehicle with vehicle collision,Unknown
2.0,14:00:00,Sunday,Asphalt roads,Daylight,Raining,Vehicle with vehicle collision,Other
2.0,Unknown,Unknown,Asphalt roads,Daylight,Raining,Vehicle with vehicle collision,Unknown