accident_severity,time,day_of_week,road_surface_type,light_conditions,weather_conditions,type_of_collision,area_accident_occured
2.0,Unknown,Unknown,Asphalt roads,Daylight,Unknown,Collision with roadside objects,Unknown
2.0,17:40:00,Wednesday,Asphalt roads,Daylight,Unknown,Collision with roadside objects,  Recreational areas
2.0,Unknown,Unknown,Asphalt roads,Darkness - lights lit,Unknown,Vehicle with vehicle collision,Unknown
2.0,2:42:00,Saturday,Asphalt roads,Darkness - lights lit,Unknown,Vehicle with vehicle collision,Office areas
2.0,Unknown,Unknown,Asphalt roads,Darkness - lights lit,Unknown,Vehicle with vehicle collision,Unknown
2.0,21:30:00,Sunday,Asphalt roads,Darkness - lights lit,Unknown,Vehicle with vehicle collision,Residential areas
2.0,Unknown,Unknown,Asphalt roads,Darkness - no lighting,Unknown,Vehicle with vehicle collision,Unknown
2.0,21:00:00,Thursday,Asphalt roads,Darkness - no lighting,Unknown,Vehicle with vehicle collision,Office areas
1.0,Unknown,Unknown,Asphalt roads,Daylight,Unknown,Vehicle with vehicle collision,Unknown
2.0,9:40:00,Thursday,Asphalt roads,Daylight,Unknown,Vehicle with vehicle collision,Other
2.0,Unknown,Unknown,Asphalt roads,Daylight,Unknown,Vehicle with vehicle collision,Unknown
2.0,13:05:00,Thursday,Asphalt roads,Daylight,Unknown,Vehicle with vehicle collision,Residential areas
2.0,Unknown,Unknown,Asphalt roads,Daylight,Unknown,Vehicle with vehicle collision,Unknown
2.0,9:30:00,Wednesday,Asphalt roads,Daylight,Unknown,Vehicle with vehicle collision,Other
2.0,Unknown,Unknown,Asphalt roads,Daylight,Unknown,Collision with pedestrians,Unknown
2.0,8:41:00,Wednesday,Asphalt roads,Daylight,Unknown,Collision with pedestrians,Other
2.0,Unknown,Unknown,Asphalt roads,Darkness - lights lit,Unknown,Collision with roadside objects,Unknown
2.0,7:14:00,Tuesday,Asphalt roads,Darkness - lights lit,Unknown,Collision with roadside objects,School areas
2.0,Unknown,Unknown,Asphalt roads,Darkness - lights lit,Unknown,Collision with roadside objects,Unknown
2.0,17:00:00,Thursday,Asphalt roads,Darkness - lights lit,Unknown,Collision with roadside objects,Other
2.0,Unknown,Unknown,Asphalt roads,Daylight,Unknown,Vehicle with vehicle collision,Unknown
2.0,16:25:00,Tuesday,Asphalt roads,Daylight,Unknown,Vehicle with vehicle collision, Church areas
2.0,Unknown,Unknown,Asphalt roads,Daylight,Unknown,Vehicle with vehicle collision,Unknown
2.0,8:40:00,Friday,Asphalt roads,Daylight,Unknown,Vehicle with vehicle collision,Office areas
2.0,Unknown,Unknown,Asphalt roads,Daylight,Unknown,Collision with roadside objects,Unknown
2.0,17:15:00,Monday,Asphalt roads,Daylight,Unknown,Collision with roadside objects,Other
2.0,Unknown,Unknown,Asphalt roads,Daylight,Unknown,Collision with roadside objects,Unknown
2.0,13:45:00,Wednesday,Asphalt roads,Daylight,Unknown,Collision with roadside objects,Other
2.0,Unknown,Unknown,Asphalt roads,Daylight,Unknown,Collision with roadside objects,Unknown
2.0,15:20:00,Friday,Asphalt roads,Daylight,Unknown,Collision with roadside objects,Office areas
2.0,Unknown,Unknown,Asphalt roads,Daylight,Unknown,Collision with roadside objects,Unknown
2.0,18:20:00,Wednesday,Asphalt roads,Daylight,Unknown,Collision with roadside objects,Other
2.0,Unknown,Unknown,Asphalt roads,Darkness - lights lit,Unknown,Vehicle with vehicle collision,Unknown
2.0,20:30:00,Friday,Asphalt roads,Darkness - lights lit,Unknown,Vehicle with vehicle collision,Other
2.0,Unknown,Unknown,Asphalt roads,Darkness - lights lit,Unknown,Vehicle with vehicle collision,Unknown
2.0,13:00:00,Saturday,Asphalt roads,Darkness - lights lit,Unknown,Vehicle with vehicle collision,School areas
2.0,Unknown,Unknown,Asphalt roads,Daylight,Unknown,Vehicle with vehicle collision,Unknown
2.0,15:36:00,Monday,Asphalt roads,Daylight,Unknown,Vehicle with vehicle collision,Other
2.0,Unknown,Unknown,Asphalt roads,Daylight,Unknown,Vehicle with vehicle collision,Unknown
2.0,14:29:00,Saturday,Asphalt roads,Daylight,Unknown,Vehicle with vehicle collision,Office areas
1.0,Unknown,Unknown,Asphalt roads,Daylight,Unknown,Vehicle with vehicle collision,Unknown
2.0,15:40:00,Monday,Asphalt roads,Daylight,Unknown,Vehicle with vehicle collision,Office areas
2.0,Unknown,Unknown,Asphalt roads,Daylight,Unknown,Vehicle with vehicle collision,Unknown
2.0,8:44:00,Wednesday,Asphalt roads,Daylight,Unknown,Vehicle with vehicle collision,Office areas
2.0,Unknown,Unknown,Asphalt roads,Daylight,Unknown,Vehicle with vehicle collision,Unknown
2.0,10:25:00,Wednesday,Asphalt roads,Daylight,Unknown,Vehicle with vehicle collision,  Recreational areas
2.0,Unknown,Unknown,Unknown,Daylight,Unknown,Vehicle with vehicle collision,Unknown
2.0,17:25:00,Friday,,Daylight,Unknown,Vehicle with vehicle collision,Residential areas
2.0,Unknown,Unknown,Asphalt roads,Daylight,Unknown,Fall from vehicles,Unknown
2.0,15:40:00,Thursday,Asphalt roads,Daylight,Unknown,Fall from vehicles,Other
2.0,Unknown,Unknown,Asphalt roads,Darkness - lights lit,Unknown,Vehicle with vehicle collision,Unknown
2.0,21:30:00,Sunday,Asphalt roads,Darkness - lights lit,Unknown,Vehicle with vehicle collision,Residential areas
2.0,Unknown,Unknown,Asphalt roads,Daylight,Unknown,Vehicle with vehicle collision,Unknown
2.0,12:16:00,Saturday,Asphalt roads,Daylight,Unknown,Vehicle with vehicle collision,Residential areas
2.0,Unknown,Unknown,Asphalt roads,Daylight,Unknown,Vehicle with vehicle collision,Unknown
2.0,15:45:00,Thursday,Asphalt roads,Daylight,Unknown,Vehicle with vehicle collision,Other
1.0,Unknown,Unknown,Asphalt roads,Daylight,Unknown,Vehicle with vehicle collision,Unknown
2.0,17:25:00,Friday,Asphalt roads,Daylight,Unknown,Vehicle with vehicle collision,Residential areas
2.0,Unknown,Unknown,Asphalt roads,Daylight,Unknown,Vehicle with vehicle collision,Unknown
2.0,8:44:00,Wednesday,Asphalt roads,Daylight,Unknown,Vehicle with vehicle collision,Office areas
2.0,Unknown,Unknown,Earth roads,Daylight,Unknown,Vehicle with vehicle collision,Unknown
2.0,17:25:00,Friday,Earth roads,Daylight,Unknown,Vehicle with vehicle collision,Office areas
2.0,Unknown,Unknown,Unknown,Daylight,Unknown,Vehicle with vehicle collision,Unknown
2.0,17:25:00,Friday,,Daylight,Unknown,Vehicle with vehicle collision,Office areas
2.0,Unknown,Unknown,Asphalt roads,Daylight,Unknown,Collision with roadside objects,Unknown
2.0,Unknown,Unknown,Asphalt roads,Daylight,Unknown,Collision with animals,Unknown
2.0,18:50:00,Thursday,Asphalt roads,Daylight,Unknown,Collision with animals,Residential areas
2.0,Unknown,Unknown,Asphalt roads,Daylight,Unknown,Collision with pedestrians,Unknown
2.0,12:16:00,Saturday,Asphalt roads,Daylight,Unknown,Collision with pedestrians,Unknown
2.0,Unknown,Unknown,Asphalt roads,Daylight,Unknown,Vehicle with vehicle collision,Unknown
2.0,15:15:00,Monday,Asphalt roads,Daylight,Unknown,Vehicle with vehicle collision,Office areas
2.0,9:30:00,Sunday,Asphalt roads,Daylight,Unknown,Collision with roadside objects,School areas
2.0,Unknown,Unknown,Earth roads,Daylight,Unknown,Vehicle with vehicle collision,Unknown
2.0,8:49:00,Monday,Earth roads,Daylight,Unknown,Vehicle with vehicle collision,Other
2.0,Unknown,Unknown,Asphalt roads,Daylight,Unknown,Collision with pedestrians,Unknown
2.0,17:10:00,Wednesday,Asphalt roads,Daylight,Unknown,Collision with pedestrians, Industrial areas
2.0,Unknown,Unknown,Asphalt roads,Daylight,Unknown,Vehicle with vehicle collision,Unknown
2.0,7:20:00,Thursday,Asphalt roads,Daylight,Unknown,Vehicle with vehicle collision, Church areas
1.0,Unknown,Unknown,Asphalt roads,Darkness - lights lit,Unknown,Vehicle with vehicle collision,Unknown
2.0,17:15:00,Wednesday,Asphalt roads,Darkness - lights lit,Unknown,Vehicle with vehicle collision,Other
1.0,Unknown,Unknown,Asphalt roads,Daylight,Unknown,Vehicle with vehicle collision,Unknown
2.0,15:08:00,Monday,Asphalt roads,Daylight,Unknown,Vehicle with vehicle collision,Other
2.0,Unknown,Unknown,Gravel roads,Daylight,Unknown,Vehicle with vehicle collision,Unknown
2.0,17:15:00,Sunday,Gravel roads,Daylight,Unknown,Vehicle with vehicle collision,Office areas
2.0,Unknown,Unknown,Asphalt roads,Daylight,Unknown,Vehicle with vehicle collision,Unknown
2.0,19:45:00,Tuesday,Asphalt roads,Daylight,Unknown,Vehicle with vehicle collision,Other
1.0,Unknown,Unknown,Other,Daylight,Unknown,Collision with roadside objects,Unknown
2.0,20:00:00,Wednesday,Other,Daylight,Unknown,Collision with roadside objects,Office areas
2.0,Unknown,Unknown,Asphalt roads,Daylight,Unknown,Collision with roadside objects,Unknown
2.0,16:00:00,Sunday,Asphalt roads,Daylight,Unknown,Collision with roadside objects,Residential areas
2.0,Unknown,Unknown,Asphalt roads,Daylight,Unknown,Collision with animals,Unknown
2.0,18:50:00,Thursday,Asphalt roads,Daylight,Unknown,Collision with animals,Residential areas
2.0,Unknown,Unknown,Asphalt roads,Darkness - lights lit,Unknown,Unknown,Unknown
2.0,Unknown,Unknown,Asphalt roads,Daylight,Unknown,Vehicle with vehicle collision,Unknown
2.0,11:55:00,Wednesday,Asphalt roads,Daylight,Unknown,Vehicle with vehicle collision,Other
2.0,7:14:00,Tuesday,Asphalt roads,Darkness - lights lit,Unknown,, Church areas
1.0,Unknown,Unknown,Earth roads,Darkness - lights lit,Unknown,Collision with pedestrians,Unknown
2.0,5:49:00,Tuesday,Earth roads,Darkness - lights lit,Unknown,Collision with pedestrians,Office areas
2.0,Unknown,Unknown,Asphalt roads,Darkness - no lighting,Unknown,Collision with roadside objects,Unknown
2.0,18:05:00,Sunday,Asphalt roads,Darkness - no lighting,Unknown,Collision with roadside objects, Church areas
1.0,Unknown,Unknown,Asphalt roads,Daylight,Unknown,Vehicle with vehicle collision,Unknown
2.0,18:00:00,Tuesday,Asphalt roads,Daylight,Unknown,Vehicle with vehicle collision,Residential areas
2.0,Unknown,Unknown,Asphalt roads,Daylight,Unknown,Vehicle with vehicle collision,Unknown
2.0,8:10:00,Monday,Asphalt roads,Daylight,Unknown,Vehicle with vehicle collision, Church areas
2.0,Unknown,Unknown,Asphalt roads,Daylight,Unknown,Vehicle with vehicle collision,Unknown
2.0,Unknown,Unknown,Earth roads,Darkness - lights lit,Unknown,Vehicle with vehicle collision,Unknown
2.0,18:50:00,Monday,Earth roads,Darkness - lights lit,Unknown,Vehicle with vehicle collision,Office areas
2.0,18:40:00,Friday,Asphalt roads,Daylight,Unknown,Vehicle with vehicle collision,Office areas
2.0,Unknown,Unknown,Asphalt roads,Daylight,Unknown,Vehicle with vehicle collision,Unknown
2.0,12:30:00,Friday,Asphalt roads,Daylight,Unknown,Vehicle with vehicle collision,Office areas
2.0,Unknown,Unknown,Asphalt roads,Darkness - lights lit,Unknown,Vehicle with vehicle collision,Unknown
2.0,2:00:00,Friday,Asphalt roads,Darkness - lights lit,Unknown,Vehicle with vehicle collision,  Recreational areas
1.0,Unknown,Unknown,Asphalt roads,Daylight,Unknown,Collision with roadside objects,Unknown
2.0,9:45:00,Monday,Asphalt roads,Daylight,Unknown,Collision with roadside objects,Residential areas
2.0,Unknown,Unknown,Asphalt roads,Daylight,Unknown,Rollover,Unknown
2.0,8:40:00,Friday,Asphalt roads,Daylight,Unknown,Rollover,Office areas
2.0,Unknown,Unknown,Asphalt roads,Daylight,Unknown,Rollover,Unknown
2.0,13:32:00,Thursday,Asphalt roads,Daylight,Unknown,Rollover,Residential areas
2.0,Unknown,Unknown,Earth roads,Daylight,Unknown,Vehicle with vehicle collision,Unknown
2.0,18:10:00,Wednesday,Earth roads,Daylight,Unknown,Vehicle with vehicle collision,Other
2.0,Unknown,Unknown,Asphalt roads,Daylight,Unknown,Collision with pedestrians,Unknown
2.0,17:25:00,Wednesday,Asphalt roads,Daylight,Unknown,Collision with pedestrians,Other
1.0,Unknown,Unknown,Asphalt roads,Daylight,Unknown,Collision with roadside objects,Unknown
2.0,18:00:00,Monday,Asphalt roads,Daylight,Unknown,Collision with roadside objects,Office areas
2.0,Unknown,Unknown,Asphalt roads,Darkness - lights lit,Unknown,Vehicle with vehicle collision,Unknown
2.0,20:30:00,Friday,Asphalt roads,Darkness - lights lit,Unknown,Vehicle with vehicle collision,Office areas
1.0,Unknown,Unknown,Asphalt roads,Darkness - lights lit,Unknown,Vehicle with vehicle collision,Unknown
2.0,18:30:00,Wednesday,Asphalt roads,Darkness - lights lit,Unknown,Vehicle with vehicle collision,Other
2.0,Unknown,Unknown,Asphalt roads,Daylight,Unknown,Vehicle with vehicle collision,Unknown
2.0,13:30:00,Sunday,Asphalt roads,Daylight,Unknown,Vehicle with vehicle collision,Office areas
2.0,Unknown,Unknown,Asphalt roads,Daylight,Unknown,Vehicle with vehicle collision,Unknown
2.0,17:15:00,Tuesday,Asphalt roads,Daylight,Unknown,Vehicle with vehicle collision,Other
2.0,Unknown,Unknown,Asphalt roads,Daylight,Unknown,Vehicle with vehicle collision,Unknown
2.0,14:35:00,Sunday,Asphalt roads,Daylight,Unknown,Vehicle with vehicle collision,Unknown
2.0,Unknown,Unknown,Asphalt roads,Daylight,Unknown,Vehicle with vehicle collision,Unknown
2.0,15:36:00,Monday,Asphalt roads,Daylight,Unknown,Vehicle with vehicle collision,Residential areas
2.0,Unknown,Unknown,Earth roads,Daylight,Unknown,Vehicle with vehicle collision,Unknown
2.0,13:05:00,Thursday,Earth roads,Daylight,Unknown,Vehicle with vehicle collision, Industrial areas
2.0,Unknown,Unknown,Asphalt roads,Darkness - lights lit,Unknown,Collision with roadside objects,Unknown
2.0,22:15:00,Tuesday,Asphalt roads,Darkness - lights lit,Unknown,Collision with roadside objects,Other
2.0,Unknown,Unknown,Asphalt roads,Darkness - lights lit,Unknown,Collision with roadside objects,Unknown
2.0,1:15:00,Friday,Asphalt roads,Darkness - lights lit,Unknown,Collision with roadside objects,School areas
2.0,Unknown,Unknown,Asphalt roads,Daylight,Unknown,Collision with roadside objects,Unknown
2.0,14:35:00,Sunday,Asphalt roads,Daylight,Unknown,Collision with roadside objects,Residential areas
2.0,Unknown,Unknown,Asphalt roads,Daylight,Unknown,Collision with roadside objects,Unknown
2.0,16:18:00,Thursday,Asphalt roads,Daylight,Unknown,Collision with roadside objects, Church areas
2.0,Unknown,Unknown,Asphalt roads,Daylight,Unknown,Vehicle with vehicle collision,Unknown
2.0,10:40:00,Wednesday,Asphalt roads,Daylight,Unknown,Vehicle with vehicle collision,Residential areas
2.0,Unknown,Unknown,Asphalt roads,Daylight,Unknown,Vehicle with vehicle collision,Unknown
2.0,13:13:00,Thursday,Asphalt roads,Daylight,Unknown,Vehicle with vehicle collision,Residential areas
2.0,Unknown,Unknown,Asphalt roads,Daylight,Unknown,Vehicle with vehicle collision,Unknown
2.0,18:40:00,Tuesday,Asphalt roads,Daylight,Unknown,Vehicle with vehicle collision,Office areas
2.0,Unknown,Unknown,Asphalt roads,Daylight,Unknown,Vehicle with vehicle collision,Unknown
2.0,17:15:00,Monday,Asphalt roads,Daylight,Unknown,Vehicle with vehicle collision,Residential areas
2.0,Unknown,Unknown,Asphalt roads,Daylight,Unknown,Vehicle with vehicle collision,Unknown
2.0,8:30:00,Monday,Asphalt roads,Daylight,Unknown,Vehicle with vehicle collision,  Market areas
2.0,Unknown,Unknown,Asphalt roads,Daylight,Unknown,Vehicle with vehicle collision,Unknown
2.0,18:40:00,Tuesday,Asphalt roads,Daylight,Unknown,Vehicle with vehicle collision,Residential areas
2.0,Unknown,Unknown,Asphalt roads,Daylight,Unknown,Vehicle with vehicle collision,Unknown
2.0,16:55:00,Monday,Asphalt roads,Daylight,Unknown,Vehicle with vehicle collision,Office areas
1.0,Unknown,Unknown,Asphalt roads,Daylight,Unknown,Vehicle with vehicle collision,Unknown
2.0,Unknown,Unknown,Asphalt roads,Daylight,Unknown,Rollover,Unknown
2.0,11:50:00,Friday,Asphalt roads,Daylight,Unknown,Rollover,Residential areas
1.0,Unknown,Unknown,Asphalt roads,Darkness - lights lit,Unknown,Unknown,Unknown
2.0,Unknown,Unknown,Asphalt roads,Darkness - lights lit,Unknown,Vehicle with vehicle collision,Unknown
2.0,19:30:00,Thursday,Asphalt roads,Darkness - lights lit,Unknown,Vehicle with vehicle collision,Unknown
2.0,Unknown,Unknown,Asphalt roads,Darkness - lights lit,Unknown,Vehicle with vehicle collision,Unknown
2.0,2:42:00,Saturday,Asphalt roads,Darkness - lights lit,Unknown,Vehicle with vehicle collision,Residential areas
2.0,Unknown,Unknown,Asphalt roads,Daylight,Unknown,Vehicle with vehicle collision,Unknown
2.0,10:40:00,Wednesday,Asphalt roads,Daylight,Unknown,Vehicle with vehicle collision,Other
1.0,Unknown,Unknown,Asphalt roads,Daylight,Unknown,Vehicle with vehicle collision,Unknown
2.0,19:38:00,Thursday,Asphalt roads,Daylight,Unknown,Vehicle with vehicle collision,Office areas
2.0,Unknown,Unknown,Asphalt roads,Daylight,Unknown,Vehicle with vehicle collision,Unknown
2.0,17:00:00,Thursday,Asphalt roads,Daylight,Unknown,Vehicle with vehicle collision, Industrial areas
2.0,22:00:00,Wednesday,Asphalt roads,Darkness - lights lit,Unknown,,Other
2.0,9:40:00,Thursday,Asphalt roads,Daylight,Unknown,Vehicle with vehicle collision,Office areas
2.0,Unknown,Unknown,Asphalt roads,Darkness - lights lit,Unknown,Vehicle with vehicle collision,Unknown
2.0,21:06:00,Thursday,Asphalt roads,Darkness - lights lit,Unknown,Vehicle with vehicle collision,Residential areas
1.0,Unknown,Unknown,Asphalt roads,Daylight,Unknown,Rollover,Unknown
2.0,15:08:00,Monday,Asphalt roads,Daylight,Unknown,Rollover,Other
2.0,Unknown,Unknown,Asphalt roads,Darkness - lights lit,Unknown,Collision with roadside objects,Unknown
2.0,16:35:00,Saturday,Asphalt roads,Darkness - lights lit,Unknown,Collision with roadside objects,Other
2.0,Unknown,Unknown,Asphalt roads,Daylight,Unknown,Vehicle with vehicle collision,Unknown
2.0,15:50:00,Saturday,Asphalt roads,Daylight,Unknown,Vehicle with vehicle collision,Office areas
1.0,Unknown,Unknown,Asphalt roads with some distress,Darkness - lights lit,Unknown,Vehicle with vehicle collision,Unknown
2.0,0:25:00,Sunday,Asphalt roads with some distress,Darkness - lights lit,Unknown,Vehicle with vehicle collision,Office areas
2.0,Unknown,Unknown,Asphalt roads,Daylight,Unknown,Vehicle with vehicle collision,Unknown
2.0,16:25:00,Tuesday,Asphalt roads,Daylight,Unknown,Vehicle with vehicle collision,Office areas
2.0,Unknown,Unknown,Asphalt roads,Daylight,Unknown,Vehicle with vehicle collision,Unknown
2.0,8:41:00,Wednesday,Asphalt roads,Daylight,Unknown,Vehicle with vehicle collision, Industrial areas
2.0,Unknown,Unknown,Asphalt roads,Daylight,Unknown,Vehicle with vehicle collision,Unknown
2.0,8:45:00,Friday,Asphalt roads,Daylight,Unknown,Vehicle with vehicle collision,Office areas
2.0,Unknown,Unknown,Asphalt roads,Daylight,Unknown,Vehicle with vehicle collision,Unknown
2.0,13:37:00,Friday,Asphalt roads,Daylight,Unknown,Vehicle with vehicle collision,Other
2.0,Unknown,Unknown,Asphalt roads,Darkness - lights lit,Unknown,Vehicle with vehicle collision,Unknown
2.0,4:10:00,Saturday,Asphalt roads,Darkness - lights lit,Unknown,Vehicle with vehicle collision,  Recreational areas
2.0,Unknown,Unknown,Asphalt roads,Daylight,Unknown,Vehicle with vehicle collision,Unknown
2.0,14:30:00,Monday,Asphalt roads,Daylight,Unknown,Vehicle with vehicle collision,Unknown
2.0,Unknown,Unknown,Asphalt roads,Daylight,Unknown,Vehicle with vehicle collision,Unknown
2.0,13:05:00,Friday,Asphalt roads,Daylight,Unknown,Vehicle with vehicle collision,Office areas
2.0,Unknown,Unknown,Asphalt roads,Darkness - no lighting,Unknown,Vehicle with vehicle collision,Unknown
2.0,21:00:00,Thursday,Asphalt roads,Darkness - no lighting,Unknown,Vehicle with vehicle collision,Office areas
2.0,Unknown,Unknown,Asphalt roads,Daylight,Unknown,Vehicle with vehicle collision,Unknown
2.0,7:20:00,Thursday,Asphalt roads,Daylight,Unknown,Vehicle with vehicle collision,Other
1.0,Unknown,Unknown,Asphalt roads,Darkness - lights lit,Unknown,Collision with roadside objects,Unknown
2.0,18:30:00,Wednesday,Asphalt roads,Darkness - lights lit,Unknown,Collision with roadside objects,Unknown
2.0,Unknown,Unknown,Asphalt roads,Daylight,Unknown,Collision with roadside objects,Unknown
2.0,8:10:00,Monday,Asphalt roads,Daylight,Unknown,Collision with roadside objects, Industrial areas
2.0,Unknown,Unknown,Asphalt roads,Daylight,Unknown,Vehicle with vehicle collision,Unknown
2.0,14:29:00,Saturday,Asphalt roads,Daylight,Unknown,Vehicle with vehicle collision,Office areas
2.0,Unknown,Unknown,Asphalt roads,Daylight,Unknown,Collision with roadside objects,Unknown
2.0,16:25:00,Tuesday,Asphalt roads,Daylight,Unknown,Collision with roadside objects,Residential areas
2.0,Unknown,Unknown,Asphalt roads,Daylight,Unknown,Vehicle with vehicle collision,Unknown
2.0,14:30:00,Friday,Asphalt roads,Daylight,Unknown,Vehicle with vehicle collision,Other
1.0,Unknown,Unknown,Other,Daylight,Unknown,Collision with pedestrians,Unknown
2.0,7:47:00,Wednesday,Other,Daylight,Unknown,Collision with pedestrians,Office areas
1.0,Unknown,Unknown,Asphalt roads,Daylight,Unknown,Collision with roadside objects,Unknown
2.0,9:05:00,Monday,Asphalt roads,Daylight,Unknown,Collision with roadside objects,Other
2.0,Unknown,Unknown,Asphalt roads,Daylight,Unknown,Vehicle with vehicle collision,Unknown
2.0,13:32:00,Thursday,Asphalt roads,Daylight,Unknown,Vehicle with vehicle collision,Office areas
2.0,Unknown,Unknown,Other,Daylight,Unknown,Vehicle with vehicle collision,Unknown
2.0,14:50:00,Friday,Other,Daylight,Unknown,Vehicle with vehicle collision,Office areas
2.0,Unknown,Unknown,Asphalt roads,Daylight,Unknown,Collision with roadside objects,Unknown
2.0,16:00:00,Sunday,Asphalt roads,Daylight,Unknown,Collision with roadside objects,Other
2.0,Unknown,Unknown,Asphalt roads,Daylight,Unknown,Vehicle with vehicle collision,Unknown
2.0,17:15:00,Sunday,Asphalt roads,Daylight,Unknown,Vehicle with vehicle collision,Office areas
2.0,Unknown,Unknown,Asphalt roads,Daylight,Unknown,Rollover,Unknown
2.0,12:00:00,Saturday,Asphalt roads,Daylight,Unknown,Rollover,School areas
1.0,Unknown,Unknown,Asphalt roads,Daylight,Unknown,Vehicle with vehicle collision,Unknown
2.0,15:40:00,Monday,Asphalt roads,Daylight,Unknown,Vehicle with vehicle collision,Other
2.0,Unknown,Unknown,Asphalt roads,Daylight,Unknown,Vehicle with vehicle collision,Unknown
2.0,13:45:00,Wednesday,Asphalt roads,Daylight,Unknown,Vehicle with vehicle collision,Residential areas
2.0,Unknown,Unknown,Asphalt roads,Daylight,Unknown,Vehicle with vehicle collision,Unknown
2.0,8:20:00,Sunday,Asphalt roads,Daylight,Unknown,Vehicle with vehicle collision,Residential areas
2.0,Unknown,Unknown,Gravel roads,Daylight,Unknown,Vehicle with vehicle collision,Unknown
2.0,18:20:00,Wednesday,Gravel roads,Daylight,Unknown,Vehicle with vehicle collision,Residential areas
2.0,Unknown,Unknown,Asphalt roads,Daylight,Unknown,Vehicle with vehicle collision,Unknown
2.0,10:20:00,Sunday,Asphalt roads,Daylight,Unknown,Vehicle with vehicle collision,Other
1.0,Unknown,Unknown,Asphalt roads,Daylight,Unknown,Collision with roadside objects,Unknown
2.0,12:46:00,Friday,Asphalt roads,Daylight,Unknown,Collision with roadside objects,Office areas
2.0,Unknown,Unknown,Asphalt roads,Daylight,Unknown,Vehicle with vehicle collision,Unknown
2.0,13:20:00,Friday,Asphalt roads,Daylight,Unknown,Vehicle with vehicle collision,Office areas
2.0,Unknown,Unknown,Asphalt roads,Daylight,Unknown,Vehicle with vehicle collision,Unknown
2.0,13:20:00,Friday,Asphalt roads,Daylight,Unknown,Vehicle with vehicle collision,Office areas
2.0,Unknown,Unknown,Asphalt roads,Daylight,Unknown,Collision with roadside objects,Unknown
2.0,9:30:00,Sunday,Asphalt roads,Daylight,Unknown,Collision with roadside objects,School areas
1.0,Unknown,Unknown,Asphalt roads,Daylight,Unknown,Vehicle with vehicle collision,Unknown
2.0,7:20:00,Wednesday,Asphalt roads,Daylight,Unknown,Vehicle with vehicle collision,Other
1.0,Unknown,Unknown,Asphalt roads,Daylight,Unknown,Vehicle with vehicle collision,Unknown
2.0,19:08:00,Thursday,Asphalt roads,Daylight,Unknown,Vehicle with vehicle collision, Church areas
1.0,Unknown,Unknown,Unknown,Darkness - lights lit,Unknown,Vehicle with vehicle collision,Unknown
2.0,20:00:00,Friday,,Darkness - lights lit,Unknown,Vehicle with vehicle collision,Residential areas
2.0,Unknown,Unknown,Asphalt roads,Darkness - lights lit,Unknown,Vehicle with vehicle collision,Unknown
2.0,19:30:00,Thursday,Asphalt roads,Darkness - lights lit,Unknown,Vehicle with vehicle collision,Office areas
2.0,Unknown,Unknown,Asphalt roads,Darkness - lights lit,Unknown,Vehicle with vehicle collision,Unknown
2.0,19:27:00,Monday,Asphalt roads,Darkness - lights lit,Unknown,Vehicle with vehicle collision, Church areas
2.0,Unknown,Unknown,Gravel roads,Daylight,Unknown,Vehicle with vehicle collision,Unknown
2.0,14:30:00,Wednesday,Gravel roads,Daylight,Unknown,Vehicle with vehicle collision,Unknown
2.0,Unknown,Unknown,Asphalt roads,Darkness - lights lit,Unknown,Vehicle with vehicle collision,Unknown
2.0,18:50:00,Wednesday,Asphalt roads,Darkness - lights lit,Unknown,Vehicle with vehicle collision, Industrial areas
2.0,Unknown,Unknown,Asphalt roads,Daylight,Unknown,Vehicle with vehicle collision,Unknown
2.0,16:58:00,Friday,Asphalt roads,Daylight,Unknown,Vehicle with vehicle collision,Unknown
2.0,Unknown,Unknown,Asphalt roads,Daylight,Unknown,Vehicle with vehicle collision,Unknown
2.0,18:20:00,Wednesday,Asphalt roads,Daylight,Unknown,Vehicle with vehicle collision,Residential areas
1.0,Unknown,Unknown,Asphalt roads,Darkness - lights lit,Unknown,Vehicle with vehicle collision,Unknown
2.0,2:00:00,Thursday,Asphalt roads,Darkness - lights lit,Unknown,Vehicle with vehicle collision,Other
1.0,Unknown,Unknown,Asphalt roads,Daylight,Unknown,Vehicle with vehicle collision,Unknown
2.0,16:00:00,Saturday,Asphalt roads,Daylight,Unknown,Vehicle with vehicle collision, Industrial areas
2.0,Unknown,Unknown,Asphalt roads,Daylight,Unknown,Vehicle with vehicle collision,Unknown
2.0,15:36:00,Monday,Asphalt roads,Daylight,Unknown,Vehicle with vehicle collision,Other
1.0,Unknown,Unknown,Asphalt roads,Daylight,Unknown,Collision with roadside objects,Unknown
1.0,Unknown,Unknown,Asphalt roads,Daylight,Unknown,Collision with pedestrians,Unknown
2.0,Unknown,Unknown,Asphalt roads,Darkness - lights lit,Unknown,Collision with roadside objects,Unknown
2.0,Unknown,Unknown,Asphalt roads,Daylight,Unknown,Vehicle with vehicle collision,Unknown
2.0,Unknown,Unknown,Asphalt roads,Daylight,Unknown,Unknown,Unknown
2.0,Unknown,Unknown,Asphalt roads,Darkness - lights lit,Unknown,Collision with roadside objects,Unknown
2.0,Unknown,Unknown,Asphalt roads,Darkness - lights lit,Unknown,Vehicle with vehicle collision,Unknown
2.0,Unknown,Unknown,Asphalt roads,Daylight,Unknown,Vehicle with vehicle collision,Unknown
2.0,7:20:00,Wednesday,Asphalt roads,Daylight,Unknown,Collision with roadside objects,Office areas
2.0,15:08:00,Monday,Asphalt roads,Daylight,Unknown,Collision with pedestrians,  Market areas
2.0,21:05:00,Saturday,Asphalt roads,Darkness - lights lit,Unknown,Collision with roadside objects,Other